0s, 10s,20s,30s,40s,50s,60s,70s,80s,90s,100s,110s,120s,130s,140s,150s,160s,170s,180s,190s,200s,210s,220s,230s,240s,250s,260s,270s,280s,290s,300s,310s,320s,330s,340s,350s,360s,370s,380s,390s,400s,410s,420s,430s,440s,450s,460s,470s,480s,490s,500s,510s,520s,530s,540s,550s,560s,570s,580s,590s,600s,610s,620s,630s,640s,650s,660s,670s,680s,690s,700s,710s,720s,730s,740s,750s,760s,770s,780s,790s,800s,810s,820s,830s,840s,850s,860s,870s,880s,890s,900s,910s,920s,930s,940s,950s,960s,970s,980s,990s,1000s,1010s,1020s,1030s,1040s,1050s,1060s,1070s,1080s,1090s,1100s,1110s,1120s,1130s,1140s,1150s,1160s,1170s,1180s,1190s,1200s,1210s,1220s,1230s,1240s,1250s,1260s,1270s,1280s,1290s,1300s,1310s,1320s,1330s,1340s,1350s,1360s,1370s,1380s,1390s,1400s,1410s,1420s,1430s,1440s,1450s,1460s,1470s,1480s,1490s,1500s,1510s,1520s,1530s,1540s,1550s,1560s,1570s,1580s,1590s,1600s,1610s,1620s,1630s,1640s,1650s,1660s,1670s,1680s,1690s,1700s,1710s,1720s,1730s,1740s,1750s,1760s,1770s,1780s,1790s,1800s,1810s,1820s,1830s,1840s,1850s,1860s,1870s,1880s,1890s,1900s,1910s,1920s,1930s,1940s,1950s,1960s,1970s,1980s,1990s,2000s,2010s,2020s,2030s,2040s,2050s,2060s,2070s,2080s,2090s,2100s,2110s,2120s,2130s,2140s,2150s,2160s,2170s,2180s,2190s,2200s,2210s,2220s,2230s,2240s,2250s,2260s,2270s,2280s,2290s,2300s,2310s,2320s,2330s,2340s,2350s,2360s,2370s,2380s,2390s,2400s,2410s,2420s,2430s,2440s,2450s,2460s,2470s,2480s,2490s,2500s,2510s,2520s,2530s,2540s,2550s,2560s,2570s,2580s,2590s,2600s,2610s,2620s,2630s,2640s,2650s,2660s,2670s,2680s,2690s,2700s,2710s,2720s,2730s,2740s,2750s,2760s,2770s,2780s,2790s,2800s,2810s,2820s,2830s,2840s,2850s,2860s,2870s,2880s,2890s,2900s,2910s,2920s,2930s,2940s,2950s,2960s,2970s,2980s,2990s,3000s,3010s,3020s,3030s,3040s,3050s,3060s,3070s,3080s,3090s,3100s,3110s,3120s,3130s,3140s,3150s,3160s,3170s,3180s,3190s,3200s,3210s,3220s,3230s,3240s,3250s,3260s,3270s,3280s,3290s,3300s,3310s,3320s,3330s,3340s,3350s,3360s,3370s,3380s,3390s,3400s,3410s,3420s,3430s,3440s,3450s,3460s,3470s,3480s,3490s,3500s,3510s,3520s,3530s,3540s,3550s,3560s,3570s,3580s,3590s,3600s,3610s,3620s,3630s,3640s,3650s,3660s,3670s,3680s
0,5.791161,2.864358,14.177447,19.184748,4.762119,1.1645,2.800162,16.820622,15.979501,2.289634,2.990726,17.789198,0.966092,3.500649,2.040499,1.863525,1.828782,17.43687,1.414214,1.640399,17.272007,8.815878,1.747726,21.670256,41.767212,2.686667,15.878007,2.088932,23.537205,12.884099,55.502896,2.203303,7.604092,2.710064,38.928506,12.858201,1.778661,17.504285,17.349031,16.786238,2.643651,12.238827,2.211083,5.538296,2.633122,17.87534,22.820556,16.653328,22.085692,3.88158,17.139947,8.262731,1.649916,1.702939,17.066048,18.738256,14.110674,4.504543,16.352291,8.649144,20.449803,16.196364,3.198958,15.411035,38.123624,3.207945,2.936362,21.971573,15.592021,15.500538,3.119829,24.286607,3.233505,6.932139,1.873796,2.394438,2.345208,2.830391,2.496664,10.317192,11.559333,16.786238,1.897367,8.165337,2.674232,3.133398,2.065591,3.61443,11.640924,16.351181,16.468488,8.155682,7.082629,1.902152,1.197219,1.48324,15.804711,1.505042,1.678744,11.627553,1.902152,2.433737,1.75292,1.911687,1.897367,20.216193,23.283961,5.716006,15.882905,5.865151,16.171305,16.418486,2.13177,40.644803,2.583162,3.366502,2.932576,1.48324,3.280798,2.054805,13.937523,2.522625,19.358461,4.00284,17.149344,37.628826,14.087031,18.731287,38.410378,18.93703,16.754436,13.486244,4.852366,18.451137,14.279037,12.153999,13.852469,29.592135,23.94844,11.261358,16.86021,20.765623,44.644629,29.410579,46.216365,32.301039,23.33988,44.186833,15.583467,16.879968,24.046483,0,0,0,0,0,0,0,0,0,0,0,0,0,0,0,0,0,0,0,0,0,0,0,0,0,0,0,0,0,0,0,0,0,0,0,0,0,0,0,0,0,0,0,0,0,0,0,0,0,0,0,0,0,0,0,0,0,0,0,0,0,0,0,0,0,0,0,0,0,0,0,0,0,0,0,0,0,0,0,0,0,0,0,0,0,0,0,0,0,0,0,0,0,0,0,0,0,0,0,0,0,0,0,0,0,0,0,0,0,0,0,0,0,0,0,0,0,0,0,0,0,0,0,0,0,0,0,0,0,0,0,0,0,0,0,0,0,0,0,0,0,0,0,0,0,0,0,0,0,0,0,0,0,0,0,0,0,0,0,0,0,0,0,0,0,0,0,0,0,0,0,0,0,0,0,0,0,0,0,0,0,0,0,0,0,0,0,0,0,0,0,0,0,0,0,0,0,0,0,0,0,0,0,0,0,0,0,0,0,0,0,0,0,0,0,0,0
1,52.109895,19.733527,31.742143,21.980041,20.309822,27.661216,42.008266,6.708204,12.813838,5.278889,27.873011,40.283992,44.119966,7.270292,18.639862,32.600613,24.795161,16.154021,20.34699,22.33471,2.848001,5.43139,16.761397,24.33105,38.772413,15.636496,6.093029,6.410928,29.606949,7.690439,2.31455,49.850443,4.853202,17.927931,24.619606,3.32081,12.895736,15.748016,2.642374,18.875911,5.026714,3.642507,5.396758,5.890199,3.270539,5.33017,4.539946,10.147249,49.766455,24.772969,24.51433,8.74949,7.688375,12.737918,8.442029,11.933147,20.272313,9.114353,10.459958,25.859165,24.653793,4.611709,5.849298,17.397318,21.946906,7.337526,16.115099,11.945561,11.880356,11.160357,19.839355,8.658329,27.268724,21.046773,0,39.845953,19.20677,13.989154,22.674718,26.365562,35.423291,14.045956,32.073353,24.151309,26.64549,27.610385,3.134042,4.456581,23.03995,3.316625,19.637185,34.548677,21.450524,15.261218,20.042811,6.800735,5.988415,40.533716,27.463612,59.35655,48.262822,23.591766,13.292646,20.053055,21.375331,41.167775,44.432721,40.208164,21.84033,62.346612,23.91453,20.787282,9.733961,23.547824,33.810396,28.546537,26.839544,4.620005,28,25.102291,3.840573,20.922476,26.354723,7.590198,39.986456,2.60494,18.875322,23.853721,5.801341,25.944653,7.877471,71.624018,23.554395,23.271687,19.494301,27.893149,50.238432,27.006378,2.424413,24.634551,8.996913,8.328094,23.14203,2.905933,12.841339,21.231715,32.705031,23.630715,2.850439,3.059593,0,0,0,0,0,0,0,0,0,0,0,0,0,0,0,0,0,0,0,0,0,0,0,0,0,0,0,0,0,0,0,0,0,0,0,0,0,0,0,0,0,0,0,0,0,0,0,0,0,0,0,0,0,0,0,0,0,0,0,0,0,0,0,0,0,0,0,0,0,0,0,0,0,0,0,0,0,0,0,0,0,0,0,0,0,0,0,0,0,0,0,0,0,0,0,0,0,0,0,0,0,0,0,0,0,0,0,0,0,0,0,0,0,0,0,0,0,0,0,0,0,0,0,0,0,0,0,0,0,0,0,0,0,0,0,0,0,0,0,0,0,0,0,0,0,0,0,0,0,0,0,0,0,0,0,0,0,0,0,0,0,0,0,0,0,0,0,0,0,0,0,0,0,0,0,0,0,0,0,0,0,0,0,0,0,0,0,0,0,0,0,0,0,0,0,0,0,0,0,0,0,0,0,0,0,0,0,0,0,0,0,0,0,0,0,0,0,0
2,48.217456,10.100774,9.549466,4.631905,14.017846,28.00844,16.758414,3.133398,18.48047,2.274696,2.712206,17.203359,15.384762,11.501779,2.645751,2.13177,32.739745,43.463449,18.325756,2.335497,2.21154,16.360182,3.722169,2.730301,16.773325,3.287949,30.769303,18.447824,2.540779,3.300138,23.84848,5.279463,17.253824,17.624478,2.270585,3.065942,15.565113,4.371914,7.332576,2.377929,10.538695,38.609584,2.760105,8.504901,1.48324,2.973961,34.503278,24.770217,16.892141,1.852926,3.134042,3.267687,3.858874,2.915476,17.529058,4.263541,2.796824,21.685633,20.028105,2.857208,3.080732,3.107339,17.554993,3.176619,21.23349,12.2073,16.89978,10.633161,14.814267,6.608076,2.844891,2.730301,17.344868,3.089572,3.500649,3.95671,3.266914,4.472136,23.74677,23.157432,3.169297,3.900142,3.335,3.071373,15.714466,3.445682,2.309401,3.357488,2.503331,17.639602,2.975659,11.404146,6.729702,20.402206,17.216271,3.207945,4.672615,3.324838,17.168285,18.926653,5.660781,3.50238,4.301163,16.047672,3.634709,2.15744,6.999206,3.600505,9.505979,19.551671,4.266679,4.595892,2.945807,15.968719,7.304523,5.676106,4.83986,4.080998,3.705851,7.039571,5.498485,19.144915,3.020302,13.417085,15.724185,2.936362,16.383245,3.349355,5.037636,4.056545,2.820559,1.897367,2.440401,3.20511,8.049845,12.684636,2.569546,3.82476,3.042128,3.552777,2.944949,7.733046,21.16601,2.692582,2.820559,3.40098,3.238655,2.645751,11.792396,5.348936,5.45792,3.17805,19.236106,3.176619,2.84605,20.881278,2.983287,1.911951,2.586679,3.868286,4.764134,12.248191,3.816233,18.014809,8.062258,3.524804,3.119418,23.341903,35.23532,3.735714,3.910359,22.248595,20.60879,2.498484,3.34279,16.948228,9.241073,7.278349,78.187644,73.76959,0,69.725892,3.3817,1.585923,2.814796,12.026171,17.009801,18.506756,2.467977,2.108784,1.676486,13.0067,1.356801,5.43139,2.502746,2.025479,15.071259,16.436357,3.91952,12.261049,3.651484,12.999709,2.674232,2.730301,45.003704,11.677285,2.025479,19.868736,1.240112,1.38212,15.94251,10.716373,3.254189,1.977437,5.134099,9.877454,10.951525,13.707717,1.535895,1.363442,1.758098,12.695442,2.933013,1.984833,14.500784,2,1.922751,1.847184,31.128765,14.630603,2.339735,14.250056,10.54052,4.316108,15.950492,2.674232,2.644319,11.468006,12.522404,17.734148,18.292075,0,0,0,0,0,0,0,0,0,0,0,0,0,0,0,0,0,0,0,0,0,0,0,0,0,0,0,0,0,0,0,0,0,0,0,0,0,0,0,0,0,0,0,0,0,0,0,0,0,0,0,0,0,0,0,0,0,0,0,0,0,0,0,0,0,0,0,0,0,0,0,0,0,0,0,0,0,0,0,0,0,0,0,0,0,0,0,0,0,0,0,0,0,0,0,0,0,0,0,0,0,0,0,0,0,0,0,0,0,0,0,0,0,0,0,0,0,0,0,0,0,0,0,0,0,0,0
3,75.70176,19.787508,17.893202,21.261574,19.844395,34.557199,51.28645,24.692503,46.791737,30.504553,105.614077,28.430366,34.065979,28.335897,6.6663,39.291342,32.772363,23.71114,26.009614,30.91771,26.491688,12.209181,24.896878,19.299081,79.716163,13.527343,38.737148,30.386858,26.893308,117.820131,71.874891,16.585008,27.259249,47.672843,14.638057,13.186272,46.570377,34.831804,11.751209,18.603143,64.484771,52.378112,53.687367,33.25085,71.932607,51.618795,23.334524,57.917182,66.927822,20.002273,102.143526,7.305042,36.807608,8.835191,26.417166,61.516258,29.535803,57.275649,26.184048,63.755,41.210031,41.716732,18.2869,0,30.557596,40.848093,23.417112,14.617341,33.349663,15.212435,39.054906,26.026696,19.969421,38.96763,24.46556,18.020288,58.559372,17.548663,49.044538,30.153245,6.429101,23.146634,27.737288,46.018436,54.143988,28.487779,14.133041,30.539774,35.089002,25.832193,32.503846,19.942224,5.017394,28.540698,14.089003,14.281584,17.461126,10.063261,20.495676,10.112998,79.428015,31.957002,38.061792,61.636028,11.163432,26.954488,39.045532,22.312802,11.369817,0,31.452629,32.671525,8.372727,83.428113,86.381132,22.717834,39.738206,59.880436,28.698764,12.875595,91.00989,55.488738,29.943583,0,19.868736,20.480072,35.988093,19.313208,43.6743,42.500588,39.026487,4.532709,18.8078,92.501351,23.01225,29.912969,16.805483,0,0,0,0,0,0,0,0,0,0,0,0,0,0,0,0,0,0,0,0,0,0,0,0,0,0,0,0,0,0,0,0,0,0,0,0,0,0,0,0,0,0,0,0,0,0,0,0,0,0,0,0,0,0,0,0,0,0,0,0,0,0,0,0,0,0,0,0,0,0,0,0,0,0,0,0,0,0,0,0,0,0,0,0,0,0,0,0,0,0,0,0,0,0,0,0,0,0,0,0,0,0,0,0,0,0,0,0,0,0,0,0,0,0,0,0,0,0,0,0,0,0,0,0,0,0,0,0,0,0,0,0,0,0,0,0,0,0,0,0,0,0,0,0,0,0,0,0,0,0,0,0,0,0,0,0,0,0,0,0,0,0,0,0,0,0,0,0,0,0,0,0,0,0,0,0,0,0,0,0,0,0,0,0,0,0,0,0,0,0,0,0,0,0,0,0,0,0,0,0,0,0,0,0,0,0,0,0,0,0,0,0,0,0,0,0,0,0,0,0,0,0,0,0,0,0,0,0,0,0,0
4,39.696328,26.95606,41.893114,39.594733,1.882248,2.362908,47.684778,3.05505,6.971071,1.387015,3.310967,2.604026,2.257395,1.859339,34.256386,37.8122,6.297175,7.120101,42.393499,2.914659,3.696846,2.366432,26.178554,58.802494,81.990998,6.495474,40.029751,17.899255,1.879716,48.556516,39.86728,39.365443,2.548576,2.5224,3.703602,3.001225,33.259919,2.719528,21.560278,32.230439,24.174745,29.436317,87.931573,56.344855,1.746425,42.505968,26.514424,43.206125,67.228734,28.982107,70.597119,41.077481,42.262393,2.943213,39.203529,2.325838,3.494213,3.583029,37.303209,1.907379,2.099887,40.444033,7.573135,6.288311,2.217356,27.905794,4.112988,3.052322,3.268901,2.972893,2.503331,4.738897,39.349472,2.455315,2.79966,41.870549,3.405877,3.312315,3.685557,42.834343,7.252586,3.481926,2.374467,30.870698,36.543524,2.680174,52.24922,3.113718,4.608481,27.764371,38.003386,43.370449,55.112956,59.469221,53.516197,50.925015,46.461322,63.045568,2.273836,47.97021,3.368405,6.311743,58.206655,47.226008,38.409591,1.823232,2.812843,5.487248,32.179852,5.603198,5.730198,3.802833,57.02445,4.648644,3.70921,32.037627,44.255132,4.497863,26.035057,31.465325,25.616894,35.03844,34.857087,39.433013,46.601681,33.973099,34.235459,9.080031,43.727179,3.131724,4.652779,3.546396,4.985877,40.837024,46.001989,3.121472,37.636988,45.156672,46.709683,77.126733,9.491224,4.376244,47.350207,6.033029,20.867548,52.02792,37.938136,53.455545,50.631394,51.0972,31.55147,6.997835,8.479923,38.799451,37.606771,9.0185,58.260254,59.67094,62.801988,4.448357,7.712151,52.979341,51.886239,4.045199,10.748855,47.294932,44.708822,18.252439,6.63462,64.125906,41.573593,45.441071,12.602008,39.226614,45.554279,4.541893,69.632049,42.330589,52.562229,64.07347,54.495075,57.107418,4.463527,6.097068,5.164565,6.376092,59.720714,43.217123,4.849242,6.533828,14.162049,44.402587,3.801913,8.114241,7.4211,6.797058,51.988899,38.964904,42.412387,5.853644,64.2049,9.205976,9.060403,76.325244,54.822832,54.355229,61.295931,78.117555,89.40785,66.105782,56.788019,37.656681,6.888726,27.924248,11.675711,51.474265,41.783424,7.37317,5.865151,45.701402,70.087491,61.538367,62.440517,39.143088,3.64567,6.860957,53.289846,8.183131,8.391915,5.862051,17.148671,65.058435,61.612579,67.08062,48.66482,63.82476,100.96447,98.339939,77.710881,46.093655,89.824748,50.413727,46.409769,32.259107,4.103068,45.081218,31.409431,32.860021,18.148956,2.672612,2.569047,37.891072,31.285932,73.408087,67.785254,39.755365,90.405213,5.876008,5.872735,17.204651,33.692533,47.719973,12.418526,41.372898,46.79245,25.978436,38.456036,28.899539,56.34158,44.151546,42.471279,65.280165,74.105909,47.372284,40.358158,33.943392,4.963678,48.504031,56.47019,57.979913,32.942518,51.620409,48.379591,94.504753,46.374461,55.976744,41.672083,33.026973,38.327909,47.179015,69.291173,51.22745,76.492639,44.349547,3.886437,65.97929,47.513125,36.991652,48.636255,49.936504,24.510833,18.091343,43.154981,107.991351,59.520797,35.635456,43.847463,64.522938,2.537629,17.317917,49.453303,35.434509,32.294331,36.76365,46.370952,41.356781,2.336053,45.908797,31.010146,70.723472,49.459992,41.7234,10.237026,17.602557,33.951908,31.128459,33.07711,5.841559,52.471701,49.130245,6.021938,43.116529,31.009609,33.165917,63.925796,59.607047,5.232681,4.895052,50.169427,67.741935,64.984027,45.765988,3.855209,43.861097,39.817867,30.778713,4.242641,41.438828,30.182461,69.688969,5.135526,32.288137,33.171963,40.696437,38.831745,43.894007,57.874865,53.168824,7.177498,2.909754,5.202563,47.898932,43.477175,12.209286,30.220617,4.553387,31.199817,43.689768
5,112.813227,60.199143,75.141603,105.357546,55.489791,109.234298,54.509106,49.995379,40.063571,39.794021,100.781148,45.457773,42.176038,57.324897,2.730301,80.306751,50.405627,37.703805,3.629634,49.505244,174.864437,2.644319,54.753096,58.801051,36.863748,3.555422,4.478907,67.657695,8.742763,14.328135,49.557816,96.882209,70.70965,3.370999,61.193545,3.088346,4.776045,51.704358,3.186144,46.827307,4.907477,11.735726,3.833663,16.620577,17.172035,45.149247,100.283171,36.095412,39.783549,4.707827,6.594764,67.436865,66.136334,40.50277,73.045233,55.859518,61.610127,81.423732,48.050084,69.916753,59.181273,7.246734,6.503146,4.885973,5.201398,43.285784,55.36511,5.53337,127.972866,117.776298,64.871979,9.148605,4.148628,38.527735,62.572322,85.910548,60.09245,61.083152,45.16703,72.899665,72.96605,4.900113,5.972665,10.048066,3.37908,4.945154,5.542763,6.454112,5.844967,3.238655,6.867579,68.474946,4.244783,147.08416,11.564313,5.06862,9.307106,4.483302,4.620005,5.865151,4.824182,6.72039,8.844961,4.865463,47.511641,6.11258,53.43271,4.612237,9.646478,8.252272,69.026214,95.061605,70.435604,57.323378,61.576941,45.536116,9.727188,3.692745,42.423103,47.530532,53.643775,65.077469,139.877944,48.321759,50.901509,7.119755,46.018689,48.065218,12.215489,3.823373,43.976147,5.717906,11.489125,9.991107,10.710327,4.195235,17.510632,7.128687,34.221206,58.387594,5.720334,9.674709,29.63536,5.778312,66.329403,42.36971,10.595025,6.045284,7.890923,67.154513,6.424385,4.719399,3.981777,6.735253,43.440311,10.232154,6.879922,6.19824,5.663279,5.663279,6.532823,3.917199,7.496295,4.971027,6.246454,14.104767,8.092645,9.354737,66.10248,4.931757,3.126944,50.091432,4.526465,3.314949,6.735253,9.282437,71.846673,0,0,0,0,0,0,0,0,0,0,0,0,0,0,0,0,0,0,0,0,0,0,0,0,0,0,0,0,0,0,0,0,0,0,0,0,0,0,0,0,0,0,0,0,0,0,0,0,0,0,0,0,0,0,0,0,0,0,0,0,0,0,0,0,0,0,0,0,0,0,0,0,0,0,0,0,0,0,0,0,0,0,0,0,0,0,0,0,0,0,0,0,0,0,0,0,0,0,0,0,0,0,0,0,0,0,0,0,0,0,0,0,0,0,0,0,0,0,0,0,0,0,0,0,0,0,0,0,0,0,0,0,0,0,0,0,0,0,0,0,0,0,0,0,0,0,0,0,0,0,0,0,0,0,0,0,0,0,0,0,0,0,0,0,0,0,0,0,0,0,0,0,0,0,0,0,0,0,0,0,0,0,0,0,0,0,0,0,0,0,0
6,18.651584,12.730065,36.463681,9.894519,2.174229,9.685979,20.572095,35.047983,25.52341,4.011202,60.799436,15.471231,38.920248,24.212256,16.344505,15.042969,16.569335,16.093477,23.263706,13.892171,27.916542,10.952791,20.827919,8.658504,8.20975,18.292682,11.858254,12.370353,28.738559,31.024632,31.344856,39.806676,19.815054,148.640506,17.73234,16.54997,22.98097,206.459035,16.727223,29.656365,41.634921,16.652054,31.815689,15.726835,18.549688,24.041631,26.629349,50.142464,12.790722,43.640305,25.482466,12.485143,17.258463,28.003472,15.891647,24.570986,11.761519,26.405922,19.832913,0,0,0,0,0,0,0,0,0,0,0,0,0,0,0,0,0,0,0,0,0,0,0,0,0,0,0,0,0,0,0,0,0,0,0,0,0,0,0,0,0,0,0,0,0,0,0,0,0,0,0,0,0,0,0,0,0,0,0,0,0,0,0,0,0,0,0,0,0,0,0,0,0,0,0,0,0,0,0,0,0,0,0,0,0,0,0,0,0,0,0,0,0,0,0,0,0,0,0,0,0,0,0,0,0,0,0,0,0,0,0,0,0,0,0,0,0,0,0,0,0,0,0,0,0,0,0,0,0,0,0,0,0,0,0,0,0,0,0,0,0,0,0,0,0,0,0,0,0,0,0,0,0,0,0,0,0,0,0,0,0,0,0,0,0,0,0,0,0,0,0,0,0,0,0,0,0,0,0,0,0,0,0,0,0,0,0,0,0,0,0,0,0,0,0,0,0,0,0,0,0,0,0,0,0,0,0,0,0,0,0,0,0,0,0,0,0,0,0,0,0,0,0,0,0,0,0,0,0,0,0,0,0,0,0,0,0,0,0,0,0,0,0,0,0,0,0,0,0,0,0,0,0,0,0,0,0,0,0,0,0,0,0,0,0,0,0,0,0,0,0,0,0,0,0,0,0,0,0,0,0,0,0,0,0,0,0,0,0,0,0,0,0,0,0,0,0,0,0,0,0,0,0,0,0,0,0,0,0
7,15.899917,19.532025,21.389509,4.370648,14.191547,19.172898,28.441949,11.498617,28.782711,19.28298,32.688598,14.806018,2.082106,32.085822,30.487702,31.404352,13.253511,19.465288,8.978088,53.911965,10.436008,24.641316,20.569665,8.067894,19.769656,23.455085,17.125403,24.810712,25.716844,19.213421,32.881053,16.592167,26.261868,48.595953,98.037238,20.790987,24.877701,43.217795,21.511942,29.080218,NaN,0,12.937633,60.734394,38.681237,20.349447,250.315801,14.939017,14.156892,35.121219,14.374588,27.193345,36.52077,3.735714,20.438526,33.860797,30.405592,29.971198,30.185353,22.942561,4.629615,20.887026,38.905155,18.924891,20.901936,0,27.503719,2.988868,13.201928,64.241731,16.69779,40.770262,22.136571,1.848833,20.002916,233.899551,3.113718,14.294521,30.572805,15.685112,37.237227,12.310072,11.988189,1.467599,12.708265,1.645841,1.601282,2.567763,10.514947,16.716894,35.071752,23.777908,13.739128,7.607014,15.746605,18.896849,0,0,0,0,0,0,0,0,0,0,0,0,0,0,0,0,0,0,0,0,0,0,0,0,0,0,0,0,0,0,0,0,0,0,0,0,0,0,0,0,0,0,0,0,0,0,0,0,0,0,0,0,0,0,0,0,0,0,0,0,0,0,0,0,0,0,0,0,0,0,0,0,0,0,0,0,0,0,0,0,0,0,0,0,0,0,0,0,0,0,0,0,0,0,0,0,0,0,0,0,0,0,0,0,0,0,0,0,0,0,0,0,0,0,0,0,0,0,0,0,0,0,0,0,0,0,0,0,0,0,0,0,0,0,0,0,0,0,0,0,0,0,0,0,0,0,0,0,0,0,0,0,0,0,0,0,0,0,0,0,0,0,0,0,0,0,0,0,0,0,0,0,0,0,0,0,0,0,0,0,0,0,0,0,0,0,0,0,0,0,0,0,0,0,0,0,0,0,0,0,0,0,0,0,0,0,0,0,0,0,0,0,0,0,0,0,0,0,0,0,0,0,0,0,0,0,0,0,0,0,0,0,0,0,0,0,0,0,0,0,0,0,0,0,0,0,0,0,0,0,0,0,0,0,0,0,0,0,0,0,0,0,0,0,0,0,0,0,0,0,0,0
8,23.139283,22.562495,11.386944,43.215224,15.146271,15.942755,40.33451,15.71145,65.682316,25.418548,10.606464,27.594685,6.171783,20.278067,72.338517,24.041631,21.105292,37.251798,34.95303,21.260292,15.763883,15.55242,16.404945,4.44847,15.998611,11.199297,17.816659,1.537412,2.248232,23.2379,2.713602,12.051971,15.208185,2.442056,40.011308,18.303502,2.65946,2.423371,17.139947,16.200137,3.17805,3.534248,28.943294,23.013281,15.155557,4.599517,40.264059,4.136558,2.54058,35.528158,18.124262,16.883558,23.287029,18.207141,26.960288,35.944788,2.806738,1.990888,2.161649,23.646202,20.394716,2.876235,21.047565,16.39241,16.207337,30.786999,2.662876,15.804711,15.691824,19.462214,3.399346,22.585192,19.749121,1.828782,27.737288,24.835011,22.55056,3.056868,18.648056,26.870058,3.835507,37.088108,26.300084,23.166667,2.482667,25.936392,16.212478,37.136813,19.372088,5.902918,2.280351,41.073975,43.261456,12.784934,47.83802,3.683296,25.168322,37.050641,3.551213,61.108802,2.423371,27.395255,3.502164,36.07705,5.572661,5.888784,4.575296,3.231787,16.806414,21.085804,27.359707,26.44131,2.586679,17.775139,38.509507,21.882895,80.31376,2.311805,1.863525,10.65833,3.357488,53.080801,2.838053,23.267168,3.190263,2.802596,17.048949,16.926311,2.533413,2.547726,23.326189,37.689521,19.817921,15.400118,20.795299,4.566678,1.818706,31.977249,16.125894,1.763834,2.403701,16.412224,30.6894,41.061269,76.423631,26.957374,37.146482,2.311805,25.521699,2.730301,4.07431,27.251038,42.830021,45.924939,27.790029,1.940009,23.292779,14.030126,54.939361,19.632739,6.070794,41.760371,1.813529,16.59066,2.207425,19.860905,3.725289,17.13865,2.236068,17.38454,15.650346,14.339146,4.667857,23.473009,22.208107,31.679196,3.360195,3.091206,40.2277,65.704968,25.399663,2.583162,27.768173,19.761776,2.01359,2.296242,2.656039,5.849976,45.39037,18.697891,16.015617,15.154391,1.95505,2.828427,34.903438,19.339798,17.166181,16.305759,20.359955,33.230795,23.57494,14.914944,16.143673,17.166181,1.634848,23.32083,24.55323,24.214894,40.330554,2.182576,37.442337,10.219568,2.569047,2.504541,3.727051,2.482667,15.459265,23.092699,0,0,0,0,0,0,0,0,0,0,0,0,0,0,0,0,0,0,0,0,0,0,0,0,0,0,0,0,0,0,0,0,0,0,0,0,0,0,0,0,0,0,0,0,0,0,0,0,0,0,0,0,0,0,0,0,0,0,0,0,0,0,0,0,0,0,0,0,0,0,0,0,0,0,0,0,0,0,0,0,0,0,0,0,0,0,0,0,0,0,0,0,0,0,0,0,0,0,0,0,0,0,0,0,0,0,0,0,0,0,0,0,0,0,0,0,0,0,0,0,0,0,0,0,0,0,0,0,0,0,0,0,0,0,0,0,0,0,0,0,0,0,0,0,0,0,0,0,0,0
9,115.162093,26.043767,18.111997,11.098389,10.68368,24.715524,2.252272,1.544786,15.29052,1.88776,15.61374,2.234373,10.235684,20.46026,14.463119,1.874874,1.439697,19.581454,22.714411,19.38349,11.385797,36.726845,16.890497,2.144761,12.915811,17.033834,1.378954,12.873511,1.99241,2.059998,2.757909,2.213015,1.75292,2.65946,2.935674,11.617646,2.876235,1.88776,2.193309,1.723281,3.118858,1.928652,1.79131,1.589227,2.375084,3.172397,2.902455,2.766867,3.107176,3.089572,10.983114,2.151462,1.775251,2.730301,1.676486,14.1659,13.219304,14.258012,14.380542,15.434809,1.940009,1.848833,21.451755,0.80904,1.230915,25.844314,2.335497,2.146173,15.797679,12.816892,2.124889,1.405119,0.960769,1.650841,1.368805,13.644846,1.928652,3.139195,1.311372,1.572491,1.581139,15.576335,1.418136,1.513575,2.538591,15.784662,1.940009,1.494434,17.782951,14.222901,2.649185,19.039433,24.15981,18.662202,18.09082,17.153717,1.67332,3.614784,1.032796,1.074968,1.173788,1.634848,1.173788,1.167748,1.840894,1.578261,19.033596,19.33908,24.273328,1.429841,1.264911,2.514403,18.932629,1.646545,16.052864,2.347576,19.140562,17.744326,3.784471,1.623688,2.020726,1.800673,1.882938,20.42901,13.518743,18.746555,14.541477,13.770192,1.505042,14.736062,1.739437,1.858641,11.301318,2.998737,3.312757,1.544786,7.890923,11.878169,15.871406,12.63185,9.578287,2.419617,1.946507,2.466441,14.306388,23.557259,2.208798,15.82001,15.264933,9.250087,1.669694,0.996205,1.723281,15.236917,20.82133,1.548366,2.249579,3.028901,10.066446,2.295481,2.480225,14.397601,2.065224,9.713855,2.115268,1.505042,1.898525,39.790299,2.713602,4.754215,2.070197,22.056493,53.56647,11.168047,11.37699,35.147648,17.2528,2.295481,24.088222,2.314946,2.778434,9.939653,1.825742,1.443376,1.969464,3.088346,18.343633,14.522434,18.322862,1.068188,11.673441,1.445595,0.630425,1.405119,16.189222,11.887291,1.863963,0.866025,7.635947,2.005674,14.541477,9.485481,15.009694,1.441153,2.314316,1.279204,14.500784,1.445595,1.544786,1.029857,2.161649,1.443376,13.304818,9.407444,1.544786,1.749459,15.82001,31.830105,1.422226,14.535849,1.114641,2.412091,2.314316,1.713446,61.988478,0,64.11708,0,0,0,0,0,0,0,0,0,0,0,0,0,0,0,0,0,0,0,0,0,0,0,0,0,0,0,0,0,0,0,0,0,0,0,0,0,0,0,0,0,0,0,0,0,0,0,0,0,0,0,0,0,0,0,0,0,0,0,0,0,0,0,0,0,0,0,0,0,0,0,0,0,0,0,0,0,0,0,0,0,0,0,0,0,0,0,0,0,0,0,0,0,0,0,0,0,0,0,0,0,0,0,0,0,0,0,0,0,0,0,0,0,0,0,0,0,0,0,0,0,0,0,0,0,0,0,0,0,0,0,0,0,0,0,0,0,0,0,0,0
10,27.878835,14.164349,44.754356,11.258936,20.953857,11.611123,37.546162,13.772832,22.218034,33.701093,32.645827,24.989998,20.162534,34.578844,17.316834,17.61972,14.304481,3.91578,11.604597,54.931559,41.405443,49.914689,3.897731,10.419606,25.630927,66.667976,16.278821,24.777102,3.776924,5.108816,15.418603,40.335867,34.663061,53.390576,18.307144,6.032111,29.759219,15.590595,28.230345,15.837777,19.235975,27.98701,22.491356,15.547776,4.399552,22.78913,63.478155,15.663475,21.51808,11.980308,6.856981,31.105555,26.052298,13.969809,30.477861,11.016517,19.294842,31.66228,13.113491,47.502632,42.302811,74.095659,42.013093,7.038853,18.179659,4.134115,18.486482,49.389125,15.457469,50.428167,34.436017,16.405961,36.477651,16.597919,3.319365,8.708234,18.57268,15.890249,37.583954,14.126699,35.121981,23.556316,20.981473,15.256146,1.966384,55.690899,35.895351,28.747947,28.363513,21.307536,18.452642,23.060307,32.356521,26.122992,38.652296,16.924968,26.812399,35.181164,12.587572,22.862512,31.599754,19.651407,15.093647,15.96698,15.301667,34.419794,32.928223,47.31455,29.550804,29.842144,33.615886,15.570628,16.848178,18.326969,20.903406,30.764337,31.638584,34.24283,34.412415,27.902573,45.964116,14.280356,21.647427,2.213594,23.167866,21.085804,21.498062,18.649099,6.128259,5.350588,38.909235,7.72393,13.740798,17.811513,43.780092,22.73458,38.751728,29.252595,33.234019,28.976044,21.154852,20.798352,17.354154,34.186986,38.565343,47.01241,42.916974,53.956166,61.005074,21.913339,3.737606,52.6525,12.913817,3.29309,29.254222,23.010867,18.051442,30.347688,24.289001,20.521263,22.011992,15.429016,17.730739,10.821905,33.953049,33.826765,30.71961,27.561187,38.477962,22.696759,22.416512,15.825437,30.444035,51.455945,21.790807,35.798793,18.445004,24.083189,34.251173,34.578413,19.421494,18.668155,27.565578,42.359178,16.774319,30.699775,12.679818,18.950227,12.167767,22.873808,25.417076,17.320508,6,15.387585,29.575234,26.210685,17.606817,5.418589,23.931035,5.473167,27.550459,50.322957,26.904667,14.416689,14.127986,17.529715,19.479334,33.294144,4.512609,39.314967,32.451673,22.7391,12.991023,9.969955,13.030307,14.170392,24.061264,35.492174,70.025846,35.382939,17.352553,16.445502,34.350319,4.538722,17.13476,33.511607,34.543968,33.469306,12.544164,29.425518,0,0,0,0,0,0,0,0,0,0,0,0,0,0,0,0,0,0,0,0,0,0,0,0,0,0,0,0,0,0,0,0,0,0,0,0,0,0,0,0,0,0,0,0,0,0,0,0,0,0,0,0,0,0,0,0,0,0,0,0,0,0,0,0,0,0,0,0,0,0,0,0,0,0,0,0,0,0,0,0,0,0,0,0,0,0,0,0,0,0,0,0,0,0,0,0,0,0,0,0,0,0,0,0,0,0,0,0,0,0,0,0,0,0,0,0,0,0,0,0,0,0,0,0,0,0,0,0,0,0,0,0,0,0,0,0,0,0
11,57.316519,26.698655,3.113996,4.895267,11.817552,14.686467,96.731341,20.58287,3.820995,10.461161,31.837085,43.769599,36.972319,3.973523,14.347632,35.067791,4.105429,6.072791,4.643666,12.353873,21.468582,16.61191,3.842348,41.883981,26.747497,18.017458,77.579452,34.179934,3.744086,3.919647,35.341194,21.356498,16.123137,25.631663,25.12092,19.116865,29.082068,21.272047,25.697541,53.844726,4.354726,21.693829,11.313708,17.243678,20.611755,135.057395,41.730427,42.98682,15.972546,21.319006,16.455423,61.587275,37.800192,18.331667,5.957426,10.138176,17.984724,4.349329,71.598184,46.663593,30.930425,11.296017,11.474798,10.901282,8.485281,10.436008,29.059326,85.342252,85.055864,18.708584,27.984917,22.707892,28.115747,49.978585,26.803324,14.593867,30.285455,12.388463,11.264845,8.436034,37.568369,12.665141,9.784098,11.086672,21.344398,18.406809,18.104244,8.50098,54.447878,28.126895,39.928269,130.127245,7.00476,25.025701,25.399038,25.837253,20.885934,35.934464,29.125018,35.962435,27.755223,11.232784,24.798583,16.959101,24.671294,32.534597,0,27.518919,15.666312,3.804304,21.071308,16.602984,28.209041,39.623,16.533132,25.842587,25.267458,26.859906,69.062084,13.315998,29.335985,87.205504,15.072718,32.576716,20.328551,14.387231,29.93827,45.269931,14.939694,12.34041,24.878754,94.553084,64.973926,61.987544,121.646482,41.438039,0,12.286849,22.040632,26.608696,17.453969,38.177554,155.47883,72.352724,15.095069,31.326724,54.301934,142.676908,92.018839,32.12908,23.35925,16.671666,32.171416,21.974101,10.26025,3.103525,30.715282,14.569322,30.677353,5.700877,9.862516,15.848143,16.553632,17.918333,27.813066,27.990078,0,28.952809,20.645823,23.318448,36.505707,10.66266,45.262199,16.032921,33.612167,11.0577,17.868657,6.734907,9.603685,31.804262,27.780889,26.262775,54.667828,52.706736,21.977261,18.387798,2.700168,32.458093,NaN,0,76.96072,21.805962,38.070476,12.541567,55.65968,27.560539,22.677081,4.206056,13.800527,55.215034,42.639966,20.878218,13.544539,35.346303,27.141604,12.616427,20.49274,36.328746,22.634536,86.75012,0,0,0,0,0,0,0,0,0,0,0,0,0,0,0,0,0,0,0,0,0,0,0,0,0,0,0,0,0,0,0,0,0,0,0,0,0,0,0,0,0,0,0,0,0,0,0,0,0,0,0,0,0,0,0,0,0,0,0,0,0,0,0,0,0,0,0,0,0,0,0,0,0,0,0,0,0,0,0,0,0,0,0,0,0,0,0,0,0,0,0,0,0,0,0,0,0,0,0,0,0,0,0,0,0,0,0,0,0,0,0,0,0,0,0,0,0,0,0,0,0,0,0,0,0,0,0,0,0,0,0,0,0,0,0,0,0,0,0,0,0,0,0,0,0,0,0,0,0,0,0,0,0,0,0,0,0,0
12,30.167272,46.576307,27.44402,32.637985,45.561946,107.178673,27.390692,41.213689,165.759464,54.248796,22.251378,69.241927,25.371173,1.969464,20.293575,25.574846,47.178738,19.660734,39.976243,15.370968,11.81171,23.110659,21.788595,2.601775,14.346365,16.170118,3.118858,24.355926,23.665258,27.309746,18.958328,37.267374,18.822617,2.800162,10.866964,3.198557,51.594573,2.229282,1.850471,35.305807,0,0,0,0,0,0,0,0,0,0,0,0,0,0,0,0,0,0,0,0,0,0,0,0,0,0,0,0,0,0,0,0,0,0,0,0,0,0,0,0,0,0,0,0,0,0,0,0,0,0,0,0,0,0,0,0,0,0,0,0,0,0,0,0,0,0,0,0,0,0,0,0,0,0,0,0,0,0,0,0,0,0,0,0,0,0,0,0,0,0,0,0,0,0,0,0,0,0,0,0,0,0,0,0,0,0,0,0,0,0,0,0,0,0,0,0,0,0,0,0,0,0,0,0,0,0,0,0,0,0,0,0,0,0,0,0,0,0,0,0,0,0,0,0,0,0,0,0,0,0,0,0,0,0,0,0,0,0,0,0,0,0,0,0,0,0,0,0,0,0,0,0,0,0,0,0,0,0,0,0,0,0,0,0,0,0,0,0,0,0,0,0,0,0,0,0,0,0,0,0,0,0,0,0,0,0,0,0,0,0,0,0,0,0,0,0,0,0,0,0,0,0,0,0,0,0,0,0,0,0,0,0,0,0,0,0,0,0,0,0,0,0,0,0,0,0,0,0,0,0,0,0,0,0,0,0,0,0,0,0,0,0,0,0,0,0,0,0,0,0,0,0,0,0,0,0,0,0,0,0,0,0,0,0,0,0,0,0,0,0,0,0,0,0,0,0,0,0,0,0,0,0,0,0,0,0,0,0,0,0,0,0,0,0,0,0,0,0,0,0,0,0,0,0,0,0,0,0
13,69.477991,31.728011,17.378147,10.750671,29.642814,19.765289,17.907944,36.793568,12.130769,5.872724,49.181394,3.806427,17.02286,20.487801,34.577036,55.350184,20.572267,33.015569,16.500505,14.768585,23.5,18.250114,33.931303,37.559239,12.382784,30.676176,36.834766,14.59452,11.503623,18.630918,29.844504,23.979158,16.846647,40.018448,196.575685,14.981807,36.361037,75.157612,23.74342,23.699005,18.312867,15.787653,38.737148,58.163153,31.01702,11.58663,27.479863,23.063921,16.913177,124.450793,25.888957,17.450724,25.48856,21.214489,22.495432,25.822471,14.032106,6.595453,108.813296,37.8887,25.783285,47.022791,17.849992,81.332065,15.268341,16.563926,44.107553,21.056048,38.008771,16.499084,13.023483,27.988518,46.886032,44.285438,28.768354,35.624742,25.979479,1.75119,13.944424,24.966644,19.345542,16.146035,53.219223,22.140783,22.902935,49.436347,37.109875,29.104208,74.531872,44.315965,18.851988,26.102895,67.124086,24.040874,10.541045,22.701479,16.106934,64.90814,26.495283,12.790858,19.871557,0,16.288471,47.935625,18.466037,9.725171,4.167333,22.490871,17.807685,16.646851,47.719551,45.612199,28.215083,119.837042,0,61.908804,68.229759,64.876806,122.955083,48.665411,47.580235,14.854027,75.059976,81.379768,26.627054,22.019184,39.972982,24.541616,15.772484,34.33576,12.020815,16.546232,11.543396,4.493823,14.968114,12.816656,59.256036,4.242641,38.731268,48.788546,7.583049,120.91526,0,0,0,0,0,0,0,0,0,0,0,0,0,0,0,0,0,0,0,0,0,0,0,0,0,0,0,0,0,0,0,0,0,0,0,0,0,0,0,0,0,0,0,0,0,0,0,0,0,0,0,0,0,0,0,0,0,0,0,0,0,0,0,0,0,0,0,0,0,0,0,0,0,0,0,0,0,0,0,0,0,0,0,0,0,0,0,0,0,0,0,0,0,0,0,0,0,0,0,0,0,0,0,0,0,0,0,0,0,0,0,0,0,0,0,0,0,0,0,0,0,0,0,0,0,0,0,0,0,0,0,0,0,0,0,0,0,0,0,0,0,0,0,0,0,0,0,0,0,0,0,0,0,0,0,0,0,0,0,0,0,0,0,0,0,0,0,0,0,0,0,0,0,0,0,0,0,0,0,0,0,0,0,0,0,0,0,0,0,0,0,0,0,0,0,0,0,0,0,0,0,0,0,0,0,0,0,0,0,0,0,0,0,0,0,0,0,0,0,0,0,0,0,0,0,0
14,11.06496,9.040649,58.402055,24.969982,6.93141,18.601822,19.341952,4.969351,5.358275,6.561596,14.12012,17.750117,6.161464,1.128152,3.048099,1.445998,34.094145,4.686538,31.760825,30.024064,3.7707,22.254837,8.973727,15.38358,4.700097,51.373979,12.955343,11.57196,18.691204,14.685181,4.581363,17.863992,18.032294,10.765757,9.783644,7.593059,5.416026,38.6927,13.992175,50.864526,14.25147,41.056581,0,24.674548,9.371136,56.431163,0,15.485725,25.741136,7.300062,15.840575,120.054432,40.607881,29.916365,15.434809,33.231967,17.241302,19.042815,14.236628,47.479319,14.321402,17.226779,13.772961,23.154463,14.309088,NaN,0,22.174754,15.165123,40.972552,24.985353,47.298445,64.483663,14.412957,16.558314,14.915177,16.488717,14.539219,7.574812,19.794398,18.276164,18.399116,0,22.730746,30.772462,6.915361,12.832487,22.431129,3.156523,20.217904,17.125679,15.065312,15.69324,2.514403,15.860503,4.351071,11.602508,14.811407,2.343269,4.231018,15.336824,22.502469,12.913817,4.734784,11.03136,1.375103,1.729862,8.804039,22.481341,6.78635,21.032382,38.990841,20.622534,16.630437,4.732864,8.908202,54.145307,3.690282,16.658058,4.333333,16.642983,14.231811,4.190899,12.540842,15.649281,23.194827,4.137901,15.0632,14.283246,15.513793,2.730301,36.037172,4.47823,14.620192,2.227922,16.231283,11.655666,4.137901,15.134548,2.898275,0,0,0,0,0,0,0,0,0,0,0,0,0,0,0,0,0,0,0,0,0,0,0,0,0,0,0,0,0,0,0,0,0,0,0,0,0,0,0,0,0,0,0,0,0,0,0,0,0,0,0,0,0,0,0,0,0,0,0,0,0,0,0,0,0,0,0,0,0,0,0,0,0,0,0,0,0,0,0,0,0,0,0,0,0,0,0,0,0,0,0,0,0,0,0,0,0,0,0,0,0,0,0,0,0,0,0,0,0,0,0,0,0,0,0,0,0,0,0,0,0,0,0,0,0,0,0,0,0,0,0,0,0,0,0,0,0,0,0,0,0,0,0,0,0,0,0,0,0,0,0,0,0,0,0,0,0,0,0,0,0,0,0,0,0,0,0,0,0,0,0,0,0,0,0,0,0,0,0,0,0,0,0,0,0,0,0,0,0,0,0,0,0,0,0,0,0,0,0,0,0,0,0,0,0,0,0,0,0,0,0,0,0,0,0,0,0,0,0,0,0,0,0,0,0,0,0,0
15,15.795652,6.195673,28.738001,119.418033,18.4418,3.942772,20.568732,42.086645,2.779797,26.466511,25.532426,4.123106,34.685892,27.831123,14.738324,11.727654,56.132072,33.945334,22.372478,16.583124,13.519122,21.967102,28.690881,31.811199,11.912242,20.753581,33.939079,25.726237,40.610813,32.110919,11.405408,28.821288,51.56129,46.681902,39.761791,16.242605,14.941705,2.391589,8.000694,27.234068,5.211099,11.97219,19,14.240786,19.613204,17.790135,6.000926,35.294678,19.815972,28.106939,23.600847,41.92056,56.197568,42.487645,37.732139,85.798019,34.062443,29.820761,23.20261,17.152789,16.949658,34.150664,14.173599,21.253104,27.978166,40.711529,21.328926,19.814697,28.819636,19.104506,26.164316,13.56667,36.193675,19.906448,31.851042,16.711999,2.766685,41.240757,19.799449,21.218345,1.864745,25.334547,23.159471,21.091336,27.580726,16.348972,37.767853,2.558211,28.489346,40.613744,12.94885,2.381749,36.737486,17.035677,38.388987,45.855328,34.325126,15.721535,0.948683,24.458014,5.900051,5.830952,13.317699,13.806838,44.557079,12.988106,45.438079,47.108386,40.894172,25.614666,19.051101,7.36546,12.452577,23.301168,26.957308,26.07681,25.952414,12.347248,33.054669,20.629267,24.527762,26.461562,8.959505,40.146814,33.891166,40.328168,26.354723,16.894772,16.822274,37.012224,14.865695,7.056124,24.685241,31.941632,30.574136,19.924411,19.54482,0,0,0,0,0,0,0,0,0,0,0,0,0,0,0,0,0,0,0,0,0,0,0,0,0,0,0,0,0,0,0,0,0,0,0,0,0,0,0,0,0,0,0,0,0,0,0,0,0,0,0,0,0,0,0,0,0,0,0,0,0,0,0,0,0,0,0,0,0,0,0,0,0,0,0,0,0,0,0,0,0,0,0,0,0,0,0,0,0,0,0,0,0,0,0,0,0,0,0,0,0,0,0,0,0,0,0,0,0,0,0,0,0,0,0,0,0,0,0,0,0,0,0,0,0,0,0,0,0,0,0,0,0,0,0,0,0,0,0,0,0,0,0,0,0,0,0,0,0,0,0,0,0,0,0,0,0,0,0,0,0,0,0,0,0,0,0,0,0,0,0,0,0,0,0,0,0,0,0,0,0,0,0,0,0,0,0,0,0,0,0,0,0,0,0,0,0,0,0,0,0,0,0,0,0,0,0,0,0,0,0,0,0,0,0,0,0,0,0,0,0,0,0,0,0,0,0,0,0,0,0
16,13.029271,139.755859,16.833183,18.414421,71.87806,160.513239,22.925968,18.577972,0.949262,3.750214,8.533357,21.390502,4.512092,31.847554,2.841026,2.93748,12.488969,42.134987,20.155757,21.224724,67.900663,15.619077,12.550849,18.633791,17.699655,42.621721,41.275901,31.212711,36.434416,31.915964,0,20.928884,86.138067,31.20058,20.818947,20.2942,38.359825,9.14728,37.499259,15.090836,14.401003,3.445682,14.601992,11.549411,12.442291,15.447402,13.864277,22.587923,22.448954,19.410478,16.17182,13.075306,28.514407,22.328313,19.515495,8.712582,38.144462,28.541393,17.711981,15.838069,36.28039,17.505843,37.267583,23.505319,37.584191,21.343701,22.749237,6.704062,20.994708,6.359595,12.482877,16.100645,27.759883,4.776838,3.968627,6.69328,17.799387,6.539391,15.85673,3.011091,32.992063,21.318447,3.126944,54.607692,40.746604,18.868698,12.73044,21.958926,1.870829,17.193345,12.834416,12.110852,13.434691,41.868274,18.377154,74.208602,13.56507,45.084048,NaN,0,24.873569,13.253473,19.089545,18.123912,6.21059,42.243343,54.004409,74.584963,14.081396,14.098857,18.800962,25.569513,27.876001,28.586864,13.562612,45.72229,18.73833,61.648736,20.336017,32.948445,21.015301,6.495725,6.894039,9.227289,13.922618,6.501373,10.756135,33.927373,10.662853,7.595686,9.72968,13.210896,12.389512,13.601062,27.072214,5.591767,52.595491,27.752735,31.82609,12.678722,8.578446,19.87293,17.595454,18.067047,21.949943,44.539977,22.722725,4.701336,7.394682,18.730141,17.97473,18.489937,24.291974,37.054015,13.846288,21.185827,13.858375,32.628379,15.280707,56.164724,3.570714,4.0362,13.161238,11.707806,12.409674,18.199401,17.922053,4.865463,27.53987,20.807317,26.07681,16.565755,28.10408,29.826163,14.329457,14.783898,18.842181,11.691489,10.720626,20.40942,4.376244,9.152248,30.315471,13.756541,21.407192,12.283766,13.364131,44.792976,3.165869,8.494918,22.253339,21.011901,18.583445,37.331101,16.71902,0,0,0,0,0,0,0,0,0,0,0,0,0,0,0,0,0,0,0,0,0,0,0,0,0,0,0,0,0,0,0,0,0,0,0,0,0,0,0,0,0,0,0,0,0,0,0,0,0,0,0,0,0,0,0,0,0,0,0,0,0,0,0,0,0,0,0,0,0,0,0,0,0,0,0,0,0,0,0,0,0,0,0,0,0,0,0,0,0,0,0,0,0,0,0,0,0,0,0,0,0,0,0,0,0,0,0,0,0,0,0,0,0,0,0,0,0,0,0,0,0,0,0,0,0,0,0,0,0,0,0,0,0,0,0,0,0,0,0,0,0,0,0,0,0,0,0,0,0,0,0,0,0,0,0,0,0,0,0,0,0,0,0,0,0,0,0,0,0,0,0,0,0
17,79.919096,52.005907,47.360954,43.417901,68.512286,58.991822,3.8808,32.545235,58.003233,50.063769,2.823065,8.707364,57.419944,17.355638,56.720036,43.58401,63.233355,4.6147,4.946992,4.253341,47.363743,123.047441,42.465226,56.198184,66.521458,6.132378,9.653073,4.844866,3.396745,3.437758,38.68893,39.27894,227.790169,67.402151,284.406126,4.206777,22.768906,200.281958,63.631217,165.340356,71.920724,4.449719,39.600926,64.199038,3.44832,53.099568,59.116201,71.668754,56.262776,46.52719,6.956031,5.350588,4.271115,3.411211,3.226493,3.078518,4.91935,3.840573,3.175426,5.702206,2.498484,5.991787,5.266001,6.369316,11.771499,6.228965,5.599648,4.02718,5.58244,8.687766,5.197902,6.200562,9.173413,3.387141,5.096047,3.449857,3.56753,5.653639,4.055486,3.956583,8.361166,7.0582,8.08056,10.205465,87.943702,48.921968,3.601347,4.048007,3.587858,4.601548,8.244656,6.496153,3.964807,4.696227,4.692838,4.316108,10.554498,4.592484,2.700168,8.045543,44.811333,3.485902,4.330127,9.336715,10.564377,4.572646,2.84312,3.856518,3.147871,9.553493,8.071649,3.360195,4.861724,2.870962,2.724746,4.413306,7.488453,4.386619,3.898718,2.839121,3.445682,3.82476,3.165151,3.275252,3.749747,4.780643,5.393599,4.048007,8.711539,4.570657,25.571646,9.747727,3.3483,5.590576,33.470475,50.783498,43.493991,52.015161,16.721244,56.663815,65.699697,33.800215,4.997435,3.294624,51.245209,74.305502,6.236258,49.192387,44.445745,8.093893,3.689324,49.667623,48.303209,49.315926,9.664368,5.416026,8.372031,2.857208,4.521553,5.900693,70.376046,5.872724,4.137901,3.872983,62.775196,75.776762,4.221159,4.831609,52.519261,50.269456,51.616399,77.696914,73.535963,6.850791,59.857153,47.708435,66.137891,87.487908,72.183287,51.280229,63.35489,49.360409,73.605452,60.794976,69.581851,115.615695,128.500652,49.8608,62.42148,111.194563,67.146815,66.689772,80.049433,31.307287,49.762003,71.752286,43.9309,86.41326,55.65202,62.395769,107.052018,56.33081,68.330952,60.635725,59.619795,42.095747,48.628656,44.341248,39.492707,73.808022,49.265009,49.154857,28.994332,36.316932,42.731629,78.10916,36.843552,59.465722,113.060398,44.709282,36.452795,38.135417,42.902381,55.094841,54.206659,42.372932,32.524879,69.957924,33.687287,37.792653,34.115565,162.456881,64.174807,63.200136,52.250045,31.938017,38.325243,30.289607,38.399089,50.46038,34.689506,30.180859,35.642175,250.709367,62.105555,60.91602,40.538405,203.098674,68.458859,65.897441,0,0,0,0,0,0,0,0,0,0,0,0,0,0,0,0,0,0,0,0,0,0,0,0,0,0,0,0,0,0,0,0,0,0,0,0,0,0,0,0,0,0,0,0,0,0,0,0,0,0,0,0,0,0,0,0,0,0,0,0,0,0,0,0,0,0,0,0,0,0,0,0,0,0,0,0,0,0,0,0,0,0,0,0,0,0,0,0,0,0,0,0,0,0,0,0,0,0,0,0,0,0,0,0,0,0,0,0,0,0,0,0,0,0,0,0,0,0
18,8.928286,3.280798,34.560736,2.399252,15.905624,27.063916,2.160247,17.750117,36.312685,14.548387,9.355514,32.893093,5.761944,14.540747,16.873385,3.668044,16.945903,2.081666,13.594785,24.766689,1.632993,28.893895,18.289037,13.607596,23.539329,3.443043,27.255078,16.102105,34.678112,15.849864,27.404379,19.871112,24.703962,19.230762,62.238022,24.680176,3.074824,3.717825,14.505798,41.431311,21.360009,2.600699,1.921174,4.107643,23.544049,36.601837,3.917199,13.74409,3.748939,22.420477,23.602361,19.979156,29.396307,14.961061,25.684518,15.416081,14.645819,2.800162,17.093209,11.3142,28.741165,2.65718,15.297059,1.21356,23.952731,1.964427,3.717282,19.392126,16.324487,21.673717,15.573838,2.409915,15.708712,9.211653,3.573406,18.928574,16.098309,19.06247,3.270236,16.104175,30.217912,21.94564,19.025501,19.297315,29.409263,1.804553,1.705606,7.383438,7.752584,28.450542,17.65683,3.942772,1.433369,2.429303,14.878294,2.810963,14.79527,12.028208,3.908034,2.529822,36.725818,14.948396,4.502525,16.366818,2.960344,2.983287,2.527126,11.944569,16.553281,28.953027,16.476981,8.717798,4.190955,1.484771,2.193309,10.327369,24.247795,48.601698,0,0,0,0,0,0,0,0,0,0,0,0,0,0,0,0,0,0,0,0,0,0,0,0,0,0,0,0,0,0,0,0,0,0,0,0,0,0,0,0,0,0,0,0,0,0,0,0,0,0,0,0,0,0,0,0,0,0,0,0,0,0,0,0,0,0,0,0,0,0,0,0,0,0,0,0,0,0,0,0,0,0,0,0,0,0,0,0,0,0,0,0,0,0,0,0,0,0,0,0,0,0,0,0,0,0,0,0,0,0,0,0,0,0,0,0,0,0,0,0,0,0,0,0,0,0,0,0,0,0,0,0,0,0,0,0,0,0,0,0,0,0,0,0,0,0,0,0,0,0,0,0,0,0,0,0,0,0,0,0,0,0,0,0,0,0,0,0,0,0,0,0,0,0,0,0,0,0,0,0,0,0,0,0,0,0,0,0,0,0,0,0,0,0,0,0,0,0,0,0,0,0,0,0,0,0,0,0,0,0,0,0,0,0,0,0,0,0,0,0,0,0,0,0,0,0,0,0,0,0,0,0,0,0,0,0,0,0,0,0,0,0,0,0,0,0,0,0,0,0
19,23.372217,NaN,0,16.138369,16.773672,34.520525,12.574394,13.824386,13.941269,3.339993,7.429296,3.26413,11.648644,16.572297,15.292927,15.126428,22.051222,10.491555,11.61357,21.623194,14.686467,23.286262,13.834739,30.723679,24.098755,14.519958,20.929897,13.45342,21.340944,11.605465,37.66318,14.440683,101.795547,13.815106,24.330303,14.613778,18.329523,21.751409,14.639252,43.0581,25.944961,44.087379,13.204256,40.874154,20.088893,15.818286,13.077392,18.369359,13.048859,13.462198,23.466804,15.305018,14.981185,30.667572,20.902398,38.255719,12.073847,12.04128,29.409749,10.771385,10.046483,15.422092,11.018167,65.136012,18.190083,23.564501,25.173792,10.999656,8.948929,1.641476,3.516196,17.308957,5.696978,18.667424,2.831639,2.574643,3.169297,45.415489,19.025624,11.734177,19.0114,12.540117,33.704599,13.573593,28.081514,13.147416,23.879559,42.46343,23.979158,14.840822,16.982344,18.661458,18.025623,29.871019,66.722774,18.703196,19.159921,72.219803,21.402881,11.43241,36.621374,12.236557,15.903579,11.790597,22.036471,38.222407,17.056843,11.03152,27.822852,34.256386,18.824549,16.992645,15.35361,13.118342,16.570197,9.3832,7.077493,21.927567,22.078373,12.283026,6.72715,22.827416,14.631587,10.706483,4.956172,11.855187,13.530592,35.232561,13.0416,18.504054,4.921197,22.958714,31.616,12.296115,17.641177,20.687729,19.22744,15.108697,7.396696,6.787689,6.6756,17.256239,25.128558,17.164092,13.034628,17.631254,11.738824,38.771998,28.414145,13.752922,19.00877,21.005026,17.864812,22.135944,23.158632,17.327723,7.069805,40.605242,28.401985,12.809752,42.654551,79.083289,17.902514,46.685413,11.31824,12.307641,65.088219,402.343758,0,0,0,0,0,0,0,0,0,0,0,0,0,0,0,0,0,0,0,0,0,0,0,0,0,0,0,0,0,0,0,0,0,0,0,0,0,0,0,0,0,0,0,0,0,0,0,0,0,0,0,0,0,0,0,0,0,0,0,0,0,0,0,0,0,0,0,0,0,0,0,0,0,0,0,0,0,0,0,0,0,0,0,0,0,0,0,0,0,0,0,0,0,0,0,0,0,0,0,0,0,0,0,0,0,0,0,0,0,0,0,0,0,0,0,0,0,0,0,0,0,0,0,0,0,0,0,0,0,0,0,0,0,0,0,0,0,0,0,0,0,0,0,0,0,0,0,0,0,0,0,0,0,0,0,0,0,0,0,0,0,0,0,0,0,0,0,0,0,0,0,0,0,0,0,0,0,0,0,0,0,0,0,0,0,0,0,0,0,0,0,0,0,0,0,0,0,0,0,0
20,28.147742,44.031021,17.856571,20.723041,60.544061,23.989581,18.616301,21.056202,15.728954,27.325812,148.382389,11.634718,35.929329,8.888194,25.309513,16.657617,52.770257,32.060954,58.991525,93.952115,34.767801,37.447741,53.792812,45.339828,8.596511,40.511727,14.79704,26.38655,122.329473,28.12413,10.124228,61.980508,53.907328,50.449975,23.577633,52.95517,8.01249,29.288385,34.013478,43.12192,26.064663,14.625321,23.340951,28.953411,14.60137,26.195419,44.199359,28.500627,56.768829,21.921831,52.046133,12.237919,51.507281,29.996111,66.75827,42.632147,16.691886,24.176435,31.232462,2.12132,35.330582,22.501111,56.077328,21.771541,37.142743,35.377724,5.131601,22.35642,22.598673,58.140347,49.3072,31.223656,22.181073,82.399434,10.949886,19.301986,17.268882,41.741267,17.54328,31.775252,6.410928,48.537614,35.166746,26.713649,34.698703,12.218838,13.352902,28.005952,6.324555,38.699699,16.594008,5.437962,104.618354,53.612499,27.981542,43.510918,22.800585,35.940228,27.633313,25.538953,5.080307,30.611545,59.935799,49.831717,21.475568,74.60563,30.544269,39.217115,38.294216,28.118796,26.701436,38.314488,44.679414,32.025288,36.007936,24.763645,32.352743,26.888659,27.976776,34.301118,52.389885,23.568542,112.512222,25.70992,28.684491,27.942799,26.395075,8.322731,36.453493,23.811762,29.686697,42.862571,30.770115,46.530277,4.764452,15.899985,1.788854,30.883807,9.575825,12.401613,33.615473,5.741661,41.481321,27.480902,26.394444,79.709891,64.073916,33.284631,20.825379,23.378867,49.50998,6.911343,7.964206,23.863501,31.256466,25.133643,132.936075,8.902247,63.978903,14.438705,36.004166,30.744105,44.162578,52.542364,31.088583,26.900611,36.212337,0,0,0,0,0,0,0,0,0,0,0,0,0,0,0,0,0,0,0,0,0,0,0,0,0,0,0,0,0,0,0,0,0,0,0,0,0,0,0,0,0,0,0,0,0,0,0,0,0,0,0,0,0,0,0,0,0,0,0,0,0,0,0,0,0,0,0,0,0,0,0,0,0,0,0,0,0,0,0,0,0,0,0,0,0,0,0,0,0,0,0,0,0,0,0,0,0,0,0,0,0,0,0,0,0,0,0,0,0,0,0,0,0,0,0,0,0,0,0,0,0,0,0,0,0,0,0,0,0,0,0,0,0,0,0,0,0,0,0,0,0,0,0,0,0,0,0,0,0,0,0,0,0,0,0,0,0,0,0,0,0,0,0,0,0,0,0,0,0,0,0,0,0,0,0,0,0,0,0,0,0,0,0,0,0,0,0,0,0,0,0,0,0,0,0,0,0,0,0,0,0
21,30.504714,2.609714,13.637071,22.177794,NaN,0,23.177815,2.081666,14.629516,17.296347,2.27303,16.306162,61.228806,20.863578,13.714348,1.466804,19.29191,1.589227,1.535895,20.608997,12.338963,11.725805,8.504901,28.285057,1.800673,14.615268,13.855094,15.652476,30.49663,1.377474,2.391589,2.78633,3.864171,6.774283,1.874874,6.801069,12.815355,15.522027,14.102869,4.214693,14.404545,11.996825,13.105098,1.894662,2.175033,14.853357,1.664101,2.483277,1.26085,2.724532,2.433737,1.941451,1.073087,1.466804,12.900317,1.602555,12.490724,12.285431,1.700267,2.662876,2.522625,1.975225,2.558409,15.814902,26.369625,13.931651,17.532509,7.763551,10.539967,2.570226,1.206045,1.969464,3.048845,2.177978,3.244324,16.174615,15.59079,11.06181,15.016355,3.384456,3.56243,2.533413,2.335497,41.240583,1.967925,5.143496,5.017394,17.651251,5.820028,3.620927,1.916436,2.844452,3.405877,5.349596,3.880019,1.969464,1.880925,2.968267,2.600699,20.674974,3.020302,4.344275,4.211096,6.342975,4.164666,18.706802,12.136263,5.147815,19.621417,16.419839,8.34832,2.615203,3.551213,3.162278,6.135378,3.154739,7.764388,7.630349,12.894678,16.875031,4.341019,6.621124,33.920074,32.184883,5.755432,6.250714,9.741093,4.1833,4.432026,1.870829,3.620927,5.598611,8.05364,5.665686,4.373214,4.785394,4,5.012207,3.891382,3.067689,2.948634,5.267827,23.844736,28.023799,4.720775,3.251373,4.816061,3.84522,5.90433,28.073882,3.643869,6.476453,8.031189,2.54951,3.945462,15.092677,6.35304,2.905933,4.639804,2.60494,28.754296,3.522884,6.611678,2.95804,4.137901,9.157571,2.048034,3.565265,17.935898,1.982062,3.937004,18.035184,2.329929,4.512329,3.126944,3.5,3.905125,4.567397,4.682795,3.333333,6.435116,2.291288,25.569699,6.095536,15.356866,3.098387,2.162817,6.183311,1.95505,17.629791,0,0,0,0,0,0,0,0,0,0,0,0,0,0,0,0,0,0,0,0,0,0,0,0,0,0,0,0,0,0,0,0,0,0,0,0,0,0,0,0,0,0,0,0,0,0,0,0,0,0,0,0,0,0,0,0,0,0,0,0,0,0,0,0,0,0,0,0,0,0,0,0,0,0,0,0,0,0,0,0,0,0,0,0,0,0,0,0,0,0,0,0,0,0,0,0,0,0,0,0,0,0,0,0,0,0,0,0,0,0,0,0,0,0,0,0,0,0,0,0,0,0,0,0,0,0,0,0,0,0,0,0,0,0,0,0,0,0,0,0,0,0,0,0,0,0,0,0,0,0,0,0,0,0,0,0,0,0,0,0,0,0,0,0,0,0,0,0,0,0,0,0,0,0,0,0,0,0
22,15.256842,6.811755,146.418066,18.599582,19.806004,4.295875,3.655631,30.913089,32.322804,33.393755,45.047065,26.228392,19.623116,40.051529,21.097957,42.508263,25.464791,22.971644,11.490334,17.577854,21.334813,14.479453,46.407914,28.056986,15.841226,18.026215,25.714782,28.379759,16.897567,36.570871,14.031134,65.618667,11.48121,18.250245,15.756833,30.181856,23.103391,20.122382,17.89553,10.439944,12.444057,17.815991,25.977768,15.104685,16.92617,21.916508,20.157075,42.458149,16.518676,29.378409,6.733003,13.119904,18.928094,25.365894,13.032195,9.683893,22.44309,16.957463,37.950845,23.153244,56.973678,24.040031,11.726513,16.600201,30.232433,19.488925,15.305723,16.932054,25.632553,26.242671,22.067905,38.423083,42.050763,36.031236,27.220295,26.417166,15.091152,12.331724,145.020524,23.409044,14.077061,21.705152,14.073831,35.325078,21.116761,17.374974,154.856385,67.882251,12.658229,32.772617,NaN,0,23.195067,49.126028,22.869073,16.54201,21.015431,10.405893,59.016947,NaN,0,26.959566,17.992237,24.593881,47.872847,NaN,0,17.492015,10.605361,42.963409,36.034075,15.451061,61.579072,33.574367,51.620409,2.544156,25.025543,4.903513,3.080732,12.152993,61.738967,17.193096,15.619335,12.359802,15.652476,14.579562,21.575449,23.111144,NaN,0,23.843821,16.743158,22.778523,13.23494,19.045997,14.750489,40.049969,36.117533,25.818967,17.277153,32.63987,19.257699,27.485148,19.753842,22.92621,9.888775,4.131916,26.305048,39.982139,21.898952,11.729319,15.565113,20.106987,22.130604,36.046267,13.040933,14.773851,166.716326,47.98859,45.115724,22.577946,27.229477,32.744851,27.310671,11.998737,23.100196,26.709981,0,0,0,0,0,0,0,0,0,0,0,0,0,0,0,0,0,0,0,0,0,0,0,0,0,0,0,0,0,0,0,0,0,0,0,0,0,0,0,0,0,0,0,0,0,0,0,0,0,0,0,0,0,0,0,0,0,0,0,0,0,0,0,0,0,0,0,0,0,0,0,0,0,0,0,0,0,0,0,0,0,0,0,0,0,0,0,0,0,0,0,0,0,0,0,0,0,0,0,0,0,0,0,0,0,0,0,0,0,0,0,0,0,0,0,0,0,0,0,0,0,0,0,0,0,0,0,0,0,0,0,0,0,0,0,0,0,0,0,0,0,0,0,0,0,0,0,0,0,0,0,0,0,0,0,0,0,0,0,0,0,0,0,0,0,0,0,0,0,0,0,0,0,0,0,0,0,0,0,0,0,0,0,0,0,0,0,0,0,0,0,0,0,0,0,0,0,0,0,0,0
23,17.397126,41.581112,31.715783,3.951985,24.526281,25.385057,19.130146,13.439426,2.817072,26.029897,15.552842,17.175343,6.407855,18.165902,13.711714,28.659329,14.929125,48.910998,5.25357,8.395766,11.578193,2.065224,2.050499,7.715425,3.977208,16.343874,18.403557,18.528111,13.121807,3.728474,6.025586,23.40584,25.942779,13.26924,22.227111,23.458,47.042829,17.790191,34.979586,17.754186,5.33357,42.222624,22.585394,37.242209,8.525126,35.255732,26.651037,25.37825,20.976442,46.820876,20.951001,17.557697,23.124662,15.510365,12.564018,26.956868,15.275616,31.764479,11.466949,17.487774,32.14004,38.961519,3.065942,24.984995,5.081159,13.8669,16.076207,13.855094,13.835396,35.679126,70.830549,3.464102,19.911166,13.511569,74.247014,9.653151,24.385012,10.37881,6.76489,11.973455,26.816454,26.742544,9.558189,10.981336,50.633761,12.369011,7.921894,18.884016,10.748855,15.132496,39.034251,26.0685,33.699654,25.95723,15.806928,12.151506,17.677412,17.136484,12.529662,44.575778,25.252183,13.425005,5.814438,23.814386,22.223361,16.524362,13.56507,18.915015,26.37444,12.544164,18.051945,28.420001,18.41497,21.40353,22.113173,19.780492,30.852246,14.353087,29.340435,2.278664,28.200258,12.488783,12.435548,30.145481,20.989151,12.295294,8.834277,37.536411,5.728716,20.759201,12.612062,2.960344,3.679386,19.418205,20.631114,18.963122,15.264089,20.358688,4.735301,2.906367,0,0,0,0,0,0,0,0,0,0,0,0,0,0,0,0,0,0,0,0,0,0,0,0,0,0,0,0,0,0,0,0,0,0,0,0,0,0,0,0,0,0,0,0,0,0,0,0,0,0,0,0,0,0,0,0,0,0,0,0,0,0,0,0,0,0,0,0,0,0,0,0,0,0,0,0,0,0,0,0,0,0,0,0,0,0,0,0,0,0,0,0,0,0,0,0,0,0,0,0,0,0,0,0,0,0,0,0,0,0,0,0,0,0,0,0,0,0,0,0,0,0,0,0,0,0,0,0,0,0,0,0,0,0,0,0,0,0,0,0,0,0,0,0,0,0,0,0,0,0,0,0,0,0,0,0,0,0,0,0,0,0,0,0,0,0,0,0,0,0,0,0,0,0,0,0,0,0,0,0,0,0,0,0,0,0,0,0,0,0,0,0,0,0,0,0,0,0,0,0,0,0,0,0,0,0,0,0,0,0,0,0,0,0,0,0,0,0,0,0,0,0,0,0,0,0,0,0
