0,47.913043,52.25,51,49.636364,51.7,47.583333,48.25,55.6,56.7,50.166667,51.5,59.7,54.4,53.363636,53.181818,54.454545,56.3,59.6,54,54.909091,58.9,49.583333,52.636364,53.4,65.666667,51.727273,58.888889,52.818182,66.5,56.333333,81.714286,51.363636,51.6,52.7,69,53,50.181818,56.8,58.9,60.444444,54.1,55.3,53,52.454545,53.4,61.444444,64.444444,56,63.555556,52.2,61.555556,54.454545,54.5,54.3,62.666667,60.3,59.111111,52.909091,41.307692,45.153846,57.777778,59.1,53.3,57.666667,72.375,53.090909,53.2,66,58.111111,57.4,54.8,70.875,55.3,51.363636,57.8,57.8,57.333333,57.7,56.7,56.777778,55.727273,61.444444,56.4,55.545455,48.333333,55.727273,56.6,47.692308,50.2,56.888889,55.1,46.833333,51.818182,54.272727,55.1,54,57.3,51.916667,50.727273,56,52.727273,46.615385,51.454545,56.636364,54.6,59.222222,57.857143,51.454545,54.6,50,55.8,57.7,51.9,67.5,52.545455,52,51,51,50.818182,50,53.363636,47.181818,55.666667,45.25,48.1,64.75,52,53.111111,63.75,51.111111,47.6,44.333333,43.5,49,44.090909,39.416667,43.909091,52.222222,49.555556,41.272727,47.4,46.9,67.857143,56.875,66.428571,55.75,48.333333,66.857143,46.8,45.6,50.7,0,0,0,0,0,0,0,0,0,0,0,0,0,0,0,0,0,0,0,0,0,0,0,0,0,0,0,0,0,0,0,0,0,0,0,0,0,0,0,0,0,0,0,0,0,0,0,0,0,0,0,0,0,0,0,0,0,0,0,0,0,0,0,0,0,0,0,0,0,0,0,0,0,0,0,0,0,0,0,0,0,0,0,0,0,0,0,0,0,0,0,0,0,0,0,0,0,0,0,0,0,0,0,0,0,0,0,0,0,0,0,0,0,0,0,0,0,0,0,0,0,0,0,0,0,0,0,0,0,0,0,0,0,0,0,0,0,0,0,0,0,0,0,0,0,0,0,0,0,0,0,0,0,0,0,0,0,0,0,0,0,0,0,0,0,0,0,0,0,0,0,0,0,0,0,0,0,0,0,0,0,0,0,0,0,0,0,0,0,0,0,0,0,0,0,0,0,0,0,0,0,0,0,0,0,0,0,0,0,0,0,0,0,0,0,0,0
1,57.833333,43.214286,50.818182,55.7,53.4,66.857143,54.222222,52.666667,56.222222,55.666667,71.285714,97.4,67.285714,51.5,58.222222,70,73,67.571429,51,61.625,61.888889,60.666667,50.5,62,81.4,59.666667,62.625,57.5,60.5,57,65.25,87.333333,67.875,67.625,69.125,65.555556,62.5,59,57.875,73.5,66.125,67.875,66.375,65.222222,67.875,64.875,63.111111,60.833333,74.2,75.2,71.571429,59.375,56.111111,47.363636,59.125,60,55.166667,58.25,64.375,65.875,67.857143,60.875,63.75,70,70,61.125,63.625,60.875,60.5,59.625,54,67.833333,80.25,50.833333,0,63.2,43.3,48.375,57.857143,63.142857,66.857143,46.2,61.5,63.428571,53.625,68,59.6,62.888889,70.375,63.666667,67.571429,52.888889,60.875,62.285714,62,54.666667,57.111111,65.125,58,106.8,81.6,76.285714,51.777778,65.125,71.285714,65.75,84.666667,72.125,67,75.5,63.714286,56.111111,56.666667,66.25,70.857143,72.285714,60.111111,54.3,67,67.125,57.666667,64,67.5,54.5,132.75,64.25,64.555556,66,52.1,67.625,51.636364,86,72.857143,70.714286,67.444444,59.444444,74.5,52.3,58.1,61.888889,53.5,56.25,70.125,58.222222,56.3,66.75,83.571429,68.125,64.125,62.888889,0,0,0,0,0,0,0,0,0,0,0,0,0,0,0,0,0,0,0,0,0,0,0,0,0,0,0,0,0,0,0,0,0,0,0,0,0,0,0,0,0,0,0,0,0,0,0,0,0,0,0,0,0,0,0,0,0,0,0,0,0,0,0,0,0,0,0,0,0,0,0,0,0,0,0,0,0,0,0,0,0,0,0,0,0,0,0,0,0,0,0,0,0,0,0,0,0,0,0,0,0,0,0,0,0,0,0,0,0,0,0,0,0,0,0,0,0,0,0,0,0,0,0,0,0,0,0,0,0,0,0,0,0,0,0,0,0,0,0,0,0,0,0,0,0,0,0,0,0,0,0,0,0,0,0,0,0,0,0,0,0,0,0,0,0,0,0,0,0,0,0,0,0,0,0,0,0,0,0,0,0,0,0,0,0,0,0,0,0,0,0,0,0,0,0,0,0,0,0,0,0,0,0,0,0,0,0,0,0,0,0,0,0,0,0,0,0,0
2,37.333333,44.230769,45.769231,49.636364,56.5,57.545455,56.8,51.727273,57.444444,50.416667,50.583333,55.8,56.090909,52.090909,49.5,52.1,54.090909,74.25,56.5,52.363636,53.909091,58.9,53.636364,53.636364,43.3,49.916667,54.666667,57.9,52.3,53.090909,63.666667,52.545455,60.222222,58.8,55.4,51,54.545455,49.75,49.166667,53.363636,42.692308,49.5,49.727273,31.666667,51,55.2,86.857143,51.818182,60.3,57.1,56.6,57.3,55.909091,57.5,65.125,56.8,55.6,61.6,67.625,55.818182,54.090909,54.1,59.8,56.090909,60.888889,54.272727,46.461538,43.692308,36.4375,39.333333,44.642857,53.363636,58.2,49.5,54.363636,55.1,53.545455,53,50.5,51.4,55.4,56.1,54.7,57.1,61.777778,55.454545,53,53.545455,54.4,58.6,53.363636,55.363636,56.2,61,58.8,54.090909,54.5,54.636364,63,56.272727,58.4,58.6,56.5,63.444444,59.1,54.363636,54.9,54.818182,52.818182,67.375,50.75,59.7,57.3,63,49.583333,51.727273,50.166667,54.363636,58.2,56,57.7,66.444444,56.3,56.727273,63.333333,57.2,63.125,55.727273,57.6,58.3,57.2,56.4,55.2,53.545455,55,52.7,47.461538,49.583333,52.636364,56.8,54.545455,51,64.666667,62,58.8,57.3,57.4,54,46.833333,59.111111,57.7,55.9,65.444444,56.090909,58.1,60.555556,56.3,56.1,55.090909,51.818182,48.166667,49.727273,49.818182,35,21,47.666667,48.307692,52.2,62.444444,50.8,54.909091,63,61.5,47.666667,48.416667,51.833333,40.692308,45.153846,48.153846,86.571429,39,99.8,48.461538,46.166667,46.384615,50.583333,53,57.5,47.5,47.916667,48.083333,50.083333,46.75,45,43.571429,43.461538,41.714286,43,41.857143,46.833333,47.666667,46.916667,50.333333,47.636364,61,43.230769,45.538462,59.1,48.583333,43.923077,51.181818,44.071429,46.384615,44.923077,44.230769,43.307692,47.461538,50.083333,45.769231,44.769231,49,50.083333,43.461538,44.357143,47.5,44,46.333333,44.214286,62.333333,49.363636,46.846154,46.307692,46.461538,48.916667,54.272727,47.333333,48.083333,50.333333,49.416667,54.5,32.75,0,0,0,0,0,0,0,0,0,0,0,0,0,0,0,0,0,0,0,0,0,0,0,0,0,0,0,0,0,0,0,0,0,0,0,0,0,0,0,0,0,0,0,0,0,0,0,0,0,0,0,0,0,0,0,0,0,0,0,0,0,0,0,0,0,0,0,0,0,0,0,0,0,0,0,0,0,0,0,0,0,0,0,0,0,0,0,0,0,0,0,0,0,0,0,0,0,0,0,0,0,0,0,0,0,0,0,0,0,0,0,0,0,0,0,0,0,0,0,0,0,0,0,0,0,0,0
3,72.384615,42.5,59.833333,43.636364,26.75,82.2,49.6,36.583333,76.333333,58.444444,143.666667,63.5,46.090909,35.384615,34.142857,64.142857,52.444444,42.727273,54.25,60.285714,60.857143,38.307692,40.636364,43.363636,90,33.285714,49.833333,47.111111,47.333333,99.25,63,31.4375,54.666667,79.2,45.545455,34.1,61.6,42.636364,42.909091,38.923077,54.428571,76.333333,59.333333,70.428571,70.6,227.5,56.5,80,99,48.909091,77.6,47.818182,91.4,48.333333,74.333333,75.75,43.181818,177.5,39.714286,77.8,73.666667,61.571429,47.875,352,70.833333,73.833333,56.111111,38,80.8,42.727273,73.428571,49.5,54.555556,39.857143,42.818182,37.5,82,44.8,85.833333,44.727273,35.666667,60.833333,61.75,59.625,65.714286,56.125,31.8,51.3,75.285714,35.071429,61.666667,43.769231,46.416667,61.285714,55,45.818182,41.909091,38.538462,46.454545,47.545455,64.142857,57.333333,82.2,117.5,44.8,51.1,64.625,56.111111,42.454545,516,55.875,66,41.461538,101.25,103.8,51.1,64.375,82.5,59.571429,36.066667,75.4,102,41.727273,24,53.9,57.1,59.857143,53.666667,55.222222,72.6,66.333333,47,46.8,90,42.818182,60.25,45.333333,0,0,0,0,0,0,0,0,0,0,0,0,0,0,0,0,0,0,0,0,0,0,0,0,0,0,0,0,0,0,0,0,0,0,0,0,0,0,0,0,0,0,0,0,0,0,0,0,0,0,0,0,0,0,0,0,0,0,0,0,0,0,0,0,0,0,0,0,0,0,0,0,0,0,0,0,0,0,0,0,0,0,0,0,0,0,0,0,0,0,0,0,0,0,0,0,0,0,0,0,0,0,0,0,0,0,0,0,0,0,0,0,0,0,0,0,0,0,0,0,0,0,0,0,0,0,0,0,0,0,0,0,0,0,0,0,0,0,0,0,0,0,0,0,0,0,0,0,0,0,0,0,0,0,0,0,0,0,0,0,0,0,0,0,0,0,0,0,0,0,0,0,0,0,0,0,0,0,0,0,0,0,0,0,0,0,0,0,0,0,0,0,0,0,0,0,0,0,0,0,0,0,0,0,0,0,0,0,0,0,0,0,0,0,0,0,0,0,0,0,0,0,0,0,0,0,0,0,0,0,0
4,161.961538,151.6875,169.571429,170.2,157.4,156.125,161.133333,152,156.0625,158.266667,155.8125,156.266667,160.1875,160.8,138,160.8125,143.176471,152.1875,168.142857,163.933333,161.666667,156.5,147.375,153.5,165.666667,141.764706,163.666667,148.125,148.25,148.882353,158.6,165.933333,152.733333,156.3125,149.625,146.411765,132.888889,154.0625,146.705882,132.631579,137.777778,131.555556,174.5,142.352941,149.375,144.588235,148.529412,170,138.055556,149.6875,129.210526,134.222222,170.571429,155.5625,159.375,158.533333,163.933333,161.866667,142.176471,158.266667,160.533333,172.785714,165.933333,164.4,155.375,146.25,151.625,160.375,160.4,160.133333,160.133333,161.8,167.333333,159.8,162.133333,167.714286,155,155.4,154.125,162.266667,161.8,163.466667,160.266667,153,152.6875,159.875,160.466667,164.133333,154.333333,149.117647,143.411765,147.0625,128.444444,130.333333,160.375,114.428571,143.176471,184.923077,178.642857,187.153846,168.5,170.533333,132.470588,154.1875,169.714286,174.357143,173.285714,175.428571,159.6,155.9375,165.714286,176,200.166667,174.071429,172.714286,164.533333,153.875,178.307692,176.142857,160.066667,175.928571,174,169.357143,153.8125,160.875,163.8,168.266667,188.083333,147.764706,172.5,174.571429,185.076923,184.230769,153.9375,136.222222,177.923077,162.6,147,112.391304,172.071429,198.583333,194.333333,122.6,192.307692,195,139.176471,182.071429,171.066667,121.736842,155.066667,168.266667,188.333333,194.5,182.307692,181.538462,197.333333,162.4,126.1,187.384615,202.166667,203.75,213.083333,197,205.818182,212.416667,196.583333,194.166667,203.666667,209.272727,177.142857,190,226.090909,205.416667,192,178.769231,213.083333,237.2,201.333333,192.333333,163.866667,126.65,162.4,189.384615,195.916667,213.454545,212.363636,231.818182,187.583333,210.333333,214.909091,218.818182,189.615385,199.5,201.75,215.545455,210,140.294118,180.428571,182.416667,199.583333,164.5,211.25,212.909091,158.4,158.4,209.090909,140.764706,164.266667,215.818182,184.153846,173.428571,187.769231,214.363636,232.818182,227.1,208,201.636364,223.181818,231.8,213.727273,183.615385,149.705882,197.272727,180.785714,204.090909,207.454545,170.5,204.181818,203.333333,205.818182,196.923077,159.2,169.571429,164.333333,134.5,155.5,178.142857,162.923077,164.466667,146,142.882353,123.105263,152,150.125,171.285714,149.235294,158.866667,161.266667,177,167.714286,169.8,147,158.333333,179.142857,167.928571,164.785714,192.461538,171.285714,169.785714,166,162.571429,153.4375,179.285714,152.125,143.25,181.571429,148.75,154.875,168.714286,190.769231,154.333333,147,160.4,145,171.066667,164,167.266667,180.846154,150.411765,165.142857,167.066667,158.333333,131.157895,174.071429,123.578947,151.0625,156.1875,161.066667,163.2,133.277778,165.466667,132.388889,154.466667,140.588235,170.214286,146.25,130.947368,148.588235,143.882353,137.823529,163.266667,172.285714,158.066667,173.142857,170.428571,163.2,157.2,164.733333,178.142857,176.923077,155.8125,170.285714,164.266667,173.214286,188.416667,149.875,164.8,140.352941,155.8125,160.333333,139.944444,125.789474,166.214286,151.875,140.444444,156.866667,163.666667,164.133333,143.176471,168.733333,168.428571,128.421053,158.4375,162.857143,148.411765,192.5,168.666667,166.5,160.6,199.666667,164.066667,180.769231,172.357143,155.0625,148.5625,157.4375,173,135,156.533333,167.866667,169.714286,160.666667,179.928571,154.25,149.176471,137.058824,170.5,166.066667,169.142857,160.75,161.266667,186.153846,137.470588,168.933333,158,157.75,159,152.4375
5,179.958333,120.4,118.55,129.722222,108.454545,174.142857,144.352941,191.916667,189.384615,190.307692,134.611111,109.136364,182.5,135.555556,195,199.416667,190,180.923077,203.916667,180,292.714286,196.583333,209.583333,212.818182,181.461538,193.846154,201.666667,219.818182,196.538462,207.75,135.722222,152.1875,211.636364,214.181818,153.625,198.916667,190.916667,180.571429,201.166667,168.785714,191.416667,198.5,203.166667,194.076923,199.166667,193.5,160,190.833333,187.307692,209.818182,205.090909,186.307692,139.529412,187.846154,200.833333,165.142857,193.153846,166.857143,194.583333,162.933333,186.615385,208.166667,213.090909,214.545455,216.363636,198.25,179.75,213.727273,209.636364,186.384615,170.285714,211.666667,223.9,208.25,182.25,216.2,191.461538,186.333333,203.333333,263.111111,244.6,228.7,222.545455,213.818182,212.272727,221.363636,224.5,225.1,225.181818,222.6,216.818182,230.272727,213.727273,268,228.2,223.909091,232.8,238.9,229.3,226.2,226.545455,221.818182,222.7,217.545455,198.583333,223.181818,206.636364,223.454545,219.636364,220.1,205.272727,163.357143,191.916667,191.166667,198.583333,198.416667,214.727273,207,196.416667,199.666667,221.636364,197.923077,275.875,205.916667,210.818182,211.090909,203.083333,202.916667,216.727273,213.272727,201.583333,245.222222,226,234.4,239.4,226.4,233.8,226.272727,221.909091,218,242.5,241.4,230.636364,231.5,169.384615,196.230769,201.363636,215,221.4,116.857143,209.454545,209.545455,210.363636,224.181818,200.166667,214.166667,224,216.727273,219.545455,222.545455,225.7,227.7,242.777778,232.4,233.727273,224.5,224.090909,237.8,199.416667,234.9,241.555556,213.333333,231.6,222.9,225.818182,223.181818,262.222222,0,0,0,0,0,0,0,0,0,0,0,0,0,0,0,0,0,0,0,0,0,0,0,0,0,0,0,0,0,0,0,0,0,0,0,0,0,0,0,0,0,0,0,0,0,0,0,0,0,0,0,0,0,0,0,0,0,0,0,0,0,0,0,0,0,0,0,0,0,0,0,0,0,0,0,0,0,0,0,0,0,0,0,0,0,0,0,0,0,0,0,0,0,0,0,0,0,0,0,0,0,0,0,0,0,0,0,0,0,0,0,0,0,0,0,0,0,0,0,0,0,0,0,0,0,0,0,0,0,0,0,0,0,0,0,0,0,0,0,0,0,0,0,0,0,0,0,0,0,0,0,0,0,0,0,0,0,0,0,0,0,0,0,0,0,0,0,0,0,0,0,0,0,0,0,0,0,0,0,0,0,0,0,0,0,0,0,0,0,0,0
6,51.75,47.363636,86,47.083333,46,48,54.1,65.111111,53.222222,41.384615,74.285714,41.230769,52.25,55.3,37,47.909091,35.4,25,51,48.416667,60,47.818182,43.571429,46.333333,37.4,49.8,46.727273,44.230769,64.285714,60.444444,57.666667,72.714286,45.5,136,41.461538,46.583333,40.875,165.666667,34.6,54,75.333333,49.090909,77.285714,45.333333,42.5,43,50.7,86.666667,35.538462,66.857143,42.916667,45.333333,47.363636,60.222222,48.1,51.2,46.833333,50.545455,54.7,0,0,0,0,0,0,0,0,0,0,0,0,0,0,0,0,0,0,0,0,0,0,0,0,0,0,0,0,0,0,0,0,0,0,0,0,0,0,0,0,0,0,0,0,0,0,0,0,0,0,0,0,0,0,0,0,0,0,0,0,0,0,0,0,0,0,0,0,0,0,0,0,0,0,0,0,0,0,0,0,0,0,0,0,0,0,0,0,0,0,0,0,0,0,0,0,0,0,0,0,0,0,0,0,0,0,0,0,0,0,0,0,0,0,0,0,0,0,0,0,0,0,0,0,0,0,0,0,0,0,0,0,0,0,0,0,0,0,0,0,0,0,0,0,0,0,0,0,0,0,0,0,0,0,0,0,0,0,0,0,0,0,0,0,0,0,0,0,0,0,0,0,0,0,0,0,0,0,0,0,0,0,0,0,0,0,0,0,0,0,0,0,0,0,0,0,0,0,0,0,0,0,0,0,0,0,0,0,0,0,0,0,0,0,0,0,0,0,0,0,0,0,0,0,0,0,0,0,0,0,0,0,0,0,0,0,0,0,0,0,0,0,0,0,0,0,0,0,0,0,0,0,0,0,0,0,0,0,0,0,0,0,0,0,0,0,0,0,0,0,0,0,0,0,0,0,0,0,0,0,0,0,0,0,0,0,0,0,0,0,0,0,0,0,0,0,0,0,0,0,0,0,0,0,0,0,0,0,0
7,44.045455,58,57.2,43.538462,49,56.6,57.777778,48.272727,52,56.5,61.9,50.727273,45.214286,63.666667,53.666667,56.3,51.1,45.307692,45.333333,80,44.076923,59.777778,61,51.090909,59.375,43.846154,31.823529,36.285714,42.083333,52.6,49.818182,35.4,36.4,51.3,106.4,43.916667,59.7,64.444444,49.818182,49.75,NaN,0,33.588235,79.333333,35.285714,50.9,275,43.916667,39.428571,69.5,44.416667,37.642857,62.166667,53.8,51.2,63.625,121.5,53.454545,58.6,64.111111,49.9,66.375,61.111111,46.833333,54.909091,330,54.636364,50.6,49.090909,63.666667,32.764706,66.25,59.555556,50.727273,33.625,174,38.533333,25.75,64.875,46.75,61.111111,47.083333,38.875,42,47,44.642857,45.692308,42.142857,45.307692,50.636364,59.555556,60.5,44.818182,24.666667,49.8,52.909091,0,0,0,0,0,0,0,0,0,0,0,0,0,0,0,0,0,0,0,0,0,0,0,0,0,0,0,0,0,0,0,0,0,0,0,0,0,0,0,0,0,0,0,0,0,0,0,0,0,0,0,0,0,0,0,0,0,0,0,0,0,0,0,0,0,0,0,0,0,0,0,0,0,0,0,0,0,0,0,0,0,0,0,0,0,0,0,0,0,0,0,0,0,0,0,0,0,0,0,0,0,0,0,0,0,0,0,0,0,0,0,0,0,0,0,0,0,0,0,0,0,0,0,0,0,0,0,0,0,0,0,0,0,0,0,0,0,0,0,0,0,0,0,0,0,0,0,0,0,0,0,0,0,0,0,0,0,0,0,0,0,0,0,0,0,0,0,0,0,0,0,0,0,0,0,0,0,0,0,0,0,0,0,0,0,0,0,0,0,0,0,0,0,0,0,0,0,0,0,0,0,0,0,0,0,0,0,0,0,0,0,0,0,0,0,0,0,0,0,0,0,0,0,0,0,0,0,0,0,0,0,0,0,0,0,0,0,0,0,0,0,0,0,0,0,0,0,0,0,0,0,0,0,0,0,0,0,0,0,0,0,0,0,0,0,0,0,0,0,0,0,0
8,32.15625,33.235294,37.0625,59,31.133333,38.8,50.454545,32.555556,86.833333,41.461538,27.947368,56.333333,50.090909,51,62.888889,44,61.1,70.375,73.5,62,54.333333,55.1,57.7,52.7,57.2,46.833333,57.1,51.181818,51.363636,62.333333,53.818182,58.666667,56.2,51.181818,79.285714,56.727273,51.545455,52.545455,57.444444,61.222222,52.9,51.909091,67,64.888889,56.090909,55.6,64.777778,55,51.363636,64.666667,56.6,56.636364,64,56,72.5,65.444444,52.9,53.181818,53.454545,67.5,60.777778,54.454545,59.333333,55.6,57.3,72.875,54.090909,57.3,58.3,61.555556,55,57.090909,68.444444,56.3,71.25,66.444444,65.555556,55.3,61.666667,76,54.4,66.444444,64.777778,67.777778,52.818182,68.875,58.2,69.857143,58.555556,58.2,54,71.25,77.125,49.363636,83.857143,55.3,66.222222,68,59.888889,77.571429,53.545455,68.25,51.416667,73.875,51.636364,58.3,56.4,56,59.7,61.111111,69.625,81.142857,52.909091,57.8,71.875,63.111111,84.4,53.7,52.545455,55.4,51.545455,83.285714,55.636364,66.888889,57.2,52.636364,60,59.333333,55.272727,53.909091,65.111111,65.666667,64,55.818182,58.777778,50.363636,44.846154,59.1,58.4,56,58,60.111111,71.875,69.555556,82.714286,68.2,66.111111,56.3,68.25,54.363636,54,65.571429,70.125,93.5,73.571429,53.181818,66.625,58.8,83,61.222222,53.363636,74.25,57.2,62.333333,54.454545,58.7,54.1,60.8,54,61,55.6,66.111111,56.3,73.125,53,76.714286,57.090909,56,70.625,79.142857,69.857143,54.545455,73.75,62.555556,54.363636,53.545455,53.363636,54,73,62.5,61.666667,57.9,57.4,59,65.333333,62.555556,59.3,60.1,59.555556,82.428571,63.555556,55.7,54.727273,56.3,53.545455,63.111111,64.888889,63.111111,71.625,50.818182,70.75,44.142857,49,52.454545,51.909091,53.181818,55.1,56.454545,0,0,0,0,0,0,0,0,0,0,0,0,0,0,0,0,0,0,0,0,0,0,0,0,0,0,0,0,0,0,0,0,0,0,0,0,0,0,0,0,0,0,0,0,0,0,0,0,0,0,0,0,0,0,0,0,0,0,0,0,0,0,0,0,0,0,0,0,0,0,0,0,0,0,0,0,0,0,0,0,0,0,0,0,0,0,0,0,0,0,0,0,0,0,0,0,0,0,0,0,0,0,0,0,0,0,0,0,0,0,0,0,0,0,0,0,0,0,0,0,0,0,0,0,0,0,0,0,0,0,0,0,0,0,0,0,0,0,0,0,0,0,0,0,0,0,0,0,0,0
9,75.846154,46.555556,57.6,47.583333,47.153846,70,52.545455,49.75,55,51.181818,53.7,49.583333,46.538462,59.8,44.5,52.333333,51.545455,59.9,61.222222,50.916667,48,65.111111,57.8,53,55.727273,48.166667,47.083333,50.5,45.833333,46.076923,47.166667,47.692308,50.454545,50.454545,52.272727,47.333333,51.545455,52.818182,50.083333,48.333333,48.5,47.083333,44.857143,45.230769,45.153846,45.692308,48.666667,49.1,51.636364,51.5,47.416667,50.416667,51.666667,52.636364,48.916667,51.545455,53.25,53.090909,54,54.3,50.818182,51.272727,60.8,50.636364,50.333333,69.25,51.363636,50.333333,53.3,51.454545,49.166667,45.153846,45,42.428571,41.785714,48,45.583333,48.363636,51.916667,52.454545,52.5,58.8,53.3,53.909091,55,59.6,55.181818,54.3,60.7,50.909091,55.727273,64.333333,64.375,61.555556,60.555556,60.333333,54,56.8,56.2,56.4,56.4,56.454545,55.4,54.818182,55.5,56.090909,58.5,64.666667,66.777778,55.4,57.6,56.9,63,58.4,62.777778,58.2,65.111111,64.888889,54.9,52.5,47.916667,48.833333,47.5,54.3,48.384615,54.1,54.363636,53.727273,48.083333,47.666667,48.230769,49.636364,45.214286,49.416667,48.153846,48.25,50.6,52,52.416667,52.181818,43.923077,48.636364,48.3,49.916667,53.545455,64.222222,52.166667,53.545455,53.272727,43.692308,48.333333,48.416667,48.333333,52.818182,61.444444,47.692308,49.166667,48.916667,45.333333,47.538462,48.833333,50.909091,48.583333,45.230769,47.846154,46.916667,43.714286,72.875,47.5,46.461538,46.5,43.4,43.833333,43.571429,43.538462,71.75,51.75,44.538462,49.333333,46.769231,45.583333,43.785714,48.666667,49.583333,49.333333,47.416667,58.4,44.857143,47.5,45.153846,47.538462,43.384615,44.692308,45.153846,50.909091,47.846154,44.153846,43.75,43,48.25,50,44.846154,51.909091,47.923077,48.583333,49,52.545455,48.615385,48.25,48.166667,49.454545,48.916667,53.272727,45,49.25,48.833333,54.454545,59.6,49.25,53.909091,48.833333,48,47.916667,45.538462,80.285714,562,77,0,0,0,0,0,0,0,0,0,0,0,0,0,0,0,0,0,0,0,0,0,0,0,0,0,0,0,0,0,0,0,0,0,0,0,0,0,0,0,0,0,0,0,0,0,0,0,0,0,0,0,0,0,0,0,0,0,0,0,0,0,0,0,0,0,0,0,0,0,0,0,0,0,0,0,0,0,0,0,0,0,0,0,0,0,0,0,0,0,0,0,0,0,0,0,0,0,0,0,0,0,0,0,0,0,0,0,0,0,0,0,0,0,0,0,0,0,0,0,0,0,0,0,0,0,0,0,0,0,0,0,0,0,0,0,0,0,0,0,0,0
10,49.090909,46.083333,67.428571,50.181818,43.692308,51.5,65,51.909091,43.153846,51.818182,61.666667,67,61.555556,65.375,51.454545,54.636364,53.272727,46.333333,50,76.142857,68.875,78.142857,44.230769,48.75,51.5,75.571429,44,63.714286,46.083333,45.1,52.8,66.875,60.444444,68.375,44.666667,45.25,64.111111,53.8,61.428571,42.285714,48.25,48,54.888889,50.8,46.416667,55.7,80.142857,46.7,58.555556,54.444444,46.727273,60,54.5,49.6,56.3,48.181818,48.090909,58.333333,48.818182,61.75,63.555556,92.166667,94.5,45.5,52.25,45.909091,61.333333,78.571429,54.4,61,68.125,51.4,73.428571,54.909091,50.727273,49.5,55.5,58.25,76.625,51.818182,65.875,59.7,61,56.666667,51.333333,75.857143,72.142857,63.222222,51.6,61.3,57,62.555556,61.777778,70.125,67,55.363636,71.714286,73.5,51.583333,53.777778,56.9,53.2,49.272727,54.222222,42.153846,50.5,65.375,83.333333,60.666667,67.625,60.555556,55,57.111111,56.9,54.428571,54,64,67.285714,70.75,64.375,105.2,55.25,63.111111,52.7,63.333333,62.888889,59.833333,54.7,51,47.083333,68.75,46.75,53.142857,53,70.875,57.111111,66.375,71,62.25,62.111111,60.444444,66,54.5,66,72.428571,82.833333,76.333333,71.125,73.428571,57.222222,48.833333,74.428571,53.1,49.8,73.857143,57,49.363636,62.875,45.2,51.3,60.444444,51.636364,43.071429,46.75,73.142857,61.333333,56.777778,64.428571,74.375,68,58.333333,53.777778,73.375,68.5,65.625,68.125,50.272727,56,65.5,76,62.222222,62.333333,64.111111,61.4,54.6,63.857143,49.444444,57.888889,48.636364,56.9,58.444444,59,47,55.444444,62.222222,57.333333,57,47.111111,55.777778,46.8,59.444444,81,59.888889,46.75,51.6,49.909091,56.222222,68.25,44.818182,73,58.888889,53.8,50.9,46,48.7,50,62.222222,61.777778,81.428571,66.428571,54.888889,51.363636,61.777778,48,50.4,64.444444,81.428571,58.222222,49.083333,57.111111,0,0,0,0,0,0,0,0,0,0,0,0,0,0,0,0,0,0,0,0,0,0,0,0,0,0,0,0,0,0,0,0,0,0,0,0,0,0,0,0,0,0,0,0,0,0,0,0,0,0,0,0,0,0,0,0,0,0,0,0,0,0,0,0,0,0,0,0,0,0,0,0,0,0,0,0,0,0,0,0,0,0,0,0,0,0,0,0,0,0,0,0,0,0,0,0,0,0,0,0,0,0,0,0,0,0,0,0,0,0,0,0,0,0,0,0,0,0,0,0,0,0,0,0,0,0,0,0,0,0,0,0,0,0,0,0,0,0
11,44.375,50.727273,47.333333,46.181818,49.363636,44.769231,84.428571,52.636364,48,43.461538,57.4,59.555556,80.428571,47.7,53.636364,63,49.363636,48.166667,46.818182,48.727273,47.7,54.2,49.818182,76.625,72,43.583333,78.285714,64.375,49.727273,50.818182,61,49.9,55.8,66.125,48.166667,50.363636,72.833333,59.666667,43.818182,48.636364,49.818182,55.8,48,56.7,55.2,105.5,67.5,47.666667,52.3,60.333333,40.066667,42.083333,44.636364,29.95,18.15625,24,32.315789,20.75,107.6,49.909091,33.764706,26,25.636364,26.26087,23,43.923077,65.777778,111.6,93,51.7,53.6,37.571429,38.266667,42.230769,44.727273,37.466667,42.857143,26.045455,24.875,20.4,33.411765,24.333333,25.142857,24.285714,32.75,40.083333,50.181818,44.4,70.714286,49.3,56.6,84.5,24.333333,65,58.111111,53.818182,36,42.428571,56.4,38.714286,37.266667,24.789474,48.333333,56.888889,46.545455,95,274,49.090909,49.1,47.545455,56.666667,47.75,58,70.375,53.7,72.125,60,44.363636,78.714286,26.736842,35,64.4,27.85,42.166667,60.333333,51.583333,65.4,86.833333,57.777778,48.571429,55.428571,71,52.5,62.7,103.333333,68.888889,267,38.166667,31,47.75,40.153846,43.769231,115.5,94.25,50.888889,48.818182,73.2,93.2,71.333333,61.5,47.363636,49.777778,84,62.888889,48.545455,43.642857,70,48.083333,76.5,44,42.538462,48.818182,49.75,48.666667,56.7,58.222222,86,45.083333,55.666667,55,78.333333,42.230769,75,48.363636,60.444444,49.545455,50.8,44.769231,43.307692,59.8,55,55.2,70,83,59.333333,54.111111,48.090909,58.444444,NaN,0,76.571429,62.666667,66.888889,45.909091,92,64.25,56.75,46.909091,50.636364,85.5,86.833333,65.5,50.363636,57.888889,79,45.416667,59.428571,52.444444,53.9,108.75,0,0,0,0,0,0,0,0,0,0,0,0,0,0,0,0,0,0,0,0,0,0,0,0,0,0,0,0,0,0,0,0,0,0,0,0,0,0,0,0,0,0,0,0,0,0,0,0,0,0,0,0,0,0,0,0,0,0,0,0,0,0,0,0,0,0,0,0,0,0,0,0,0,0,0,0,0,0,0,0,0,0,0,0,0,0,0,0,0,0,0,0,0,0,0,0,0,0,0,0,0,0,0,0,0,0,0,0,0,0,0,0,0,0,0,0,0,0,0,0,0,0,0,0,0,0,0,0,0,0,0,0,0,0,0,0,0,0,0,0,0,0,0,0,0,0,0,0,0,0,0,0,0,0,0,0,0,0
12,35.210526,40.066667,46.416667,50.285714,54.090909,66.875,48.25,47.75,100.8,44.75,34.866667,59.222222,53.625,46.666667,35.3125,52.454545,52.5,60.1,59.9,39.133333,43.142857,43.461538,33.8,44.538462,53.272727,53.454545,48.5,60.1,31.4,57.6,52.272727,72.5,53.090909,47.75,44.5,45.307692,67.5,48.666667,47.166667,70.75,0,0,0,0,0,0,0,0,0,0,0,0,0,0,0,0,0,0,0,0,0,0,0,0,0,0,0,0,0,0,0,0,0,0,0,0,0,0,0,0,0,0,0,0,0,0,0,0,0,0,0,0,0,0,0,0,0,0,0,0,0,0,0,0,0,0,0,0,0,0,0,0,0,0,0,0,0,0,0,0,0,0,0,0,0,0,0,0,0,0,0,0,0,0,0,0,0,0,0,0,0,0,0,0,0,0,0,0,0,0,0,0,0,0,0,0,0,0,0,0,0,0,0,0,0,0,0,0,0,0,0,0,0,0,0,0,0,0,0,0,0,0,0,0,0,0,0,0,0,0,0,0,0,0,0,0,0,0,0,0,0,0,0,0,0,0,0,0,0,0,0,0,0,0,0,0,0,0,0,0,0,0,0,0,0,0,0,0,0,0,0,0,0,0,0,0,0,0,0,0,0,0,0,0,0,0,0,0,0,0,0,0,0,0,0,0,0,0,0,0,0,0,0,0,0,0,0,0,0,0,0,0,0,0,0,0,0,0,0,0,0,0,0,0,0,0,0,0,0,0,0,0,0,0,0,0,0,0,0,0,0,0,0,0,0,0,0,0,0,0,0,0,0,0,0,0,0,0,0,0,0,0,0,0,0,0,0,0,0,0,0,0,0,0,0,0,0,0,0,0,0,0,0,0,0,0,0,0,0,0,0,0,0,0,0,0,0,0,0,0,0,0,0,0,0,0,0,0
13,59.764706,51,62,44.076923,66.125,69.333333,56.222222,73.833333,45.4,51.4,75.857143,54.4,61.555556,64,70.714286,67.25,50.727273,63.444444,55.6,54.888889,55,57.2,45,66.125,47,54.444444,84.6,36,38.166667,59.111111,50.777778,82.5,54.857143,63.857143,228,38.5,67.125,76.666667,57.333333,60.75,54.888889,52,70.166667,66.428571,55.5,21.75,62,56.777778,49.5,221,70.285714,50.555556,63,47.363636,53.4,82.6,52.3,46,119.5,58.875,52.444444,69.857143,45.2,68.714286,44.3,48.181818,61.142857,53.75,62,32.714286,54.5,68.25,65.5,93.2,51.727273,41.3,51.4,51.2,40.916667,73,61,60.222222,72.571429,63.25,55.1,82.571429,74.857143,36.857143,104.5,78.285714,40.692308,58.888889,69.25,50.181818,47.25,69.75,50.9,87.666667,68.666667,46.166667,45.166667,241,33.8,39.142857,36.071429,27.368421,19.166667,70.125,35.25,30.647059,57.6,47.454545,33.5,101.75,7,74.5,86.4,59.333333,86.428571,57.1,34.333333,26.7,71,71,77,53.2,69.125,49.909091,27.777778,51.222222,35.5,52,57.333333,58.222222,57.4,58.4,55.555556,15,50.888889,57.9,22.15,101.5,0,0,0,0,0,0,0,0,0,0,0,0,0,0,0,0,0,0,0,0,0,0,0,0,0,0,0,0,0,0,0,0,0,0,0,0,0,0,0,0,0,0,0,0,0,0,0,0,0,0,0,0,0,0,0,0,0,0,0,0,0,0,0,0,0,0,0,0,0,0,0,0,0,0,0,0,0,0,0,0,0,0,0,0,0,0,0,0,0,0,0,0,0,0,0,0,0,0,0,0,0,0,0,0,0,0,0,0,0,0,0,0,0,0,0,0,0,0,0,0,0,0,0,0,0,0,0,0,0,0,0,0,0,0,0,0,0,0,0,0,0,0,0,0,0,0,0,0,0,0,0,0,0,0,0,0,0,0,0,0,0,0,0,0,0,0,0,0,0,0,0,0,0,0,0,0,0,0,0,0,0,0,0,0,0,0,0,0,0,0,0,0,0,0,0,0,0,0,0,0,0,0,0,0,0,0,0,0,0,0,0,0,0,0,0,0,0,0,0,0,0,0,0,0,0,0
14,47.333333,45.8,81,54.666667,46.6,55.444444,59.888889,49.222222,48.6,47.363636,53.4,52.2,49.818182,51.454545,50.909091,51.5,60.875,47.181818,59.666667,61.222222,49.272727,63.444444,47.555556,52.636364,49.090909,67.571429,45.25,41.076923,55.111111,49.636364,51.1,52.3,49.181818,46.583333,43.416667,47.363636,46.666667,66.625,35.933333,74,41.214286,70.25,304,40,48.272727,69.142857,153,40.846154,46.666667,48.090909,32.066667,79.666667,66,53.1,57.3,55.818182,37.9375,47.083333,29.45,69.428571,42.461538,29.809524,54.222222,36.4375,39.75,NaN,0,47.583333,39.866667,63,66.375,67.5,80.142857,54.2,54.8,35.9375,59.1,57.5,54.4,51.727273,47.727273,40.285714,21,34.071429,58.222222,49.6,49.545455,55.6,50.818182,52.181818,53.8,52.818182,55.5,52.1,56,46.75,50.727273,54.4,51.090909,46.416667,51.727273,57.111111,51.9,47.727273,53.090909,50.909091,50.083333,49.2,61.375,44.363636,57.888889,67.5,57.2,56.5,46,45.583333,64.5,48.272727,49.090909,42.555556,52.1,55.1,48.818182,51.454545,53.3,60.666667,48.3,54.3,52.3,55.7,48.636364,54.3,47.363636,55.666667,48.818182,53.636364,51.636364,51.3,55.636364,52.2,0,0,0,0,0,0,0,0,0,0,0,0,0,0,0,0,0,0,0,0,0,0,0,0,0,0,0,0,0,0,0,0,0,0,0,0,0,0,0,0,0,0,0,0,0,0,0,0,0,0,0,0,0,0,0,0,0,0,0,0,0,0,0,0,0,0,0,0,0,0,0,0,0,0,0,0,0,0,0,0,0,0,0,0,0,0,0,0,0,0,0,0,0,0,0,0,0,0,0,0,0,0,0,0,0,0,0,0,0,0,0,0,0,0,0,0,0,0,0,0,0,0,0,0,0,0,0,0,0,0,0,0,0,0,0,0,0,0,0,0,0,0,0,0,0,0,0,0,0,0,0,0,0,0,0,0,0,0,0,0,0,0,0,0,0,0,0,0,0,0,0,0,0,0,0,0,0,0,0,0,0,0,0,0,0,0,0,0,0,0,0,0,0,0,0,0,0,0,0,0,0,0,0,0,0,0,0,0,0,0,0,0,0,0,0,0,0,0,0,0,0,0,0,0,0,0,0,0
15,53.35,47.25,52.454545,99.333333,53.9,48.5,51.545455,82.428571,50.5,72.857143,77.714286,46.333333,62.111111,66,51.727273,43.416667,72.857143,69,61.555556,58.333333,50.9,57.625,57.5,58.428571,47.916667,55.4,56.888889,65.125,68.714286,61.111111,46.583333,58,90.166667,94.2,77,52.6,50.363636,49.583333,49.7,57.777778,49.4,53,54.666667,51,55.3,53.6,48.3,64.5,50.545455,58.666667,64,71,89.166667,68.2,65.5,97.4,61,63.555556,60.888889,54.272727,54.909091,68.375,47.090909,60.222222,59.555556,72.5,45.615385,53.8,73.285714,59.875,74.714286,52.363636,65.375,55.4,59.4,52.090909,49.363636,110.4,57.272727,55.727273,47.75,61.125,58.111111,56.8,58.125,52.8,69.875,52.1,71.75,70.142857,50.454545,47.545455,74.25,56.25,73.5,62.6,67.25,55.5,51.3,57.222222,48.083333,47,52.111111,49.083333,76,52.090909,69.428571,88,79,58.888889,51.5,46.666667,52.8,63.222222,69.875,57,61.555556,47.636364,62.888889,56.7,55.5,68.25,50.545455,88.833333,63.888889,61.111111,65,52.9,52.1,70.714286,52.9,47.3,60.111111,68.375,63.555556,59.125,56,0,0,0,0,0,0,0,0,0,0,0,0,0,0,0,0,0,0,0,0,0,0,0,0,0,0,0,0,0,0,0,0,0,0,0,0,0,0,0,0,0,0,0,0,0,0,0,0,0,0,0,0,0,0,0,0,0,0,0,0,0,0,0,0,0,0,0,0,0,0,0,0,0,0,0,0,0,0,0,0,0,0,0,0,0,0,0,0,0,0,0,0,0,0,0,0,0,0,0,0,0,0,0,0,0,0,0,0,0,0,0,0,0,0,0,0,0,0,0,0,0,0,0,0,0,0,0,0,0,0,0,0,0,0,0,0,0,0,0,0,0,0,0,0,0,0,0,0,0,0,0,0,0,0,0,0,0,0,0,0,0,0,0,0,0,0,0,0,0,0,0,0,0,0,0,0,0,0,0,0,0,0,0,0,0,0,0,0,0,0,0,0,0,0,0,0,0,0,0,0,0,0,0,0,0,0,0,0,0,0,0,0,0,0,0,0,0,0,0,0,0,0,0,0,0,0,0,0,0,0,0
16,47.47619,108.8,45.083333,52.909091,51.7,244.5,49.4,44.846154,42.857143,42.307692,49.727273,67.875,46.769231,64.333333,42.071429,48.916667,41.846154,65.75,50.636364,53.4,61,49.8,36.333333,48.272727,45.555556,58.111111,79.8,56.7,80.333333,44.583333,104,47.727273,91.833333,69.857143,58,49.363636,64.857143,47.454545,59.777778,48.2,47.5,45.454545,50.272727,48.5,46.916667,51.2,48.272727,54.75,57.2,53.1,50.444444,45.181818,61.25,54.625,42.636364,43.5,61.333333,56.111111,50.5,52.2,81.333333,49.636364,44.545455,57.333333,81.285714,65.125,64.444444,52.5,61.555556,50,49.6,44.692308,68.888889,51.727273,53.666667,55,52.727273,53.818182,43.461538,56.8,87.142857,64.142857,57,67.5,65.5,57.555556,41.307692,55.222222,60,66.111111,53.5,53.545455,52.909091,68.428571,41.785714,126.75,54.3,62,NaN,0,50.222222,44.636364,64.875,64.857143,60.5,62.25,75.142857,109.75,68,55.555556,65.857143,69.6,65.25,38.857143,44.222222,57.555556,64.625,72.833333,63.875,79,64.25,58.222222,60.555556,55.857143,53.875,61.375,54.777778,77.666667,54.625,62.222222,60,51.555556,59,52.9,74.714286,62.875,75.428571,56.25,54.3,43.75,40.615385,52.6,50,52.272727,53,75.857143,54.1,41.538462,39.714286,49.272727,49.909091,53.9,53.1,58.333333,44.916667,59.625,47.363636,65.888889,52.333333,79.857143,45.25,48.909091,51.727273,48.454545,50,53.272727,53,48.454545,59.222222,54.5,61,45.333333,68.125,54.6,50,50.181818,58.555556,46.090909,44.75,54.1,47.666667,47.818182,57.555556,47.833333,61.625,49.090909,51,71.125,46.25,55.181818,58.1,59.333333,48.3,56.888889,33.230769,0,0,0,0,0,0,0,0,0,0,0,0,0,0,0,0,0,0,0,0,0,0,0,0,0,0,0,0,0,0,0,0,0,0,0,0,0,0,0,0,0,0,0,0,0,0,0,0,0,0,0,0,0,0,0,0,0,0,0,0,0,0,0,0,0,0,0,0,0,0,0,0,0,0,0,0,0,0,0,0,0,0,0,0,0,0,0,0,0,0,0,0,0,0,0,0,0,0,0,0,0,0,0,0,0,0,0,0,0,0,0,0,0,0,0,0,0,0,0,0,0,0,0,0,0,0,0,0,0,0,0,0,0,0,0,0,0,0,0,0,0,0,0,0,0,0,0,0,0,0,0,0,0,0,0,0,0,0,0,0,0,0,0,0,0,0,0,0,0,0,0,0,0
17,188.809524,137.444444,96.68,104.625,137.75,127.421053,206.833333,186.769231,139,155.666667,201.833333,204,154.125,215.272727,150.3125,168.214286,163.8,203.25,209.454545,202.5,174.642857,195.545455,199.25,111.954545,164.785714,199.833333,207.5,208.545455,202.083333,200,188,177.714286,254.111111,144.125,237.8,200.333333,193.384615,183.642857,201.75,227.1,117.238095,211,199.3,175.857143,216.090909,180.307692,168.428571,172.076923,172.5,145.823529,189.75,202.916667,203.333333,193,197.076923,200.75,206,199.75,199.083333,200.833333,199.333333,198.416667,195.692308,199.25,201.25,207,206.083333,212.727273,214.181818,200.75,216.727273,209.416667,199.166667,204.454545,207.166667,199.083333,202,206.818182,208.416667,207.363636,205.5,206.272727,212.75,195.833333,122.1,185.230769,203.666667,208.25,202.545455,200.916667,190.846154,212,209.583333,207.636364,200.75,201.916667,191.307692,211.090909,209.909091,196.692308,129.055556,196.833333,203.75,189.583333,204.833333,204,202.083333,206.545455,200.5,191.461538,200.666667,204.090909,204,198.333333,199.833333,200.25,195.076923,196.833333,211,208.666667,207.545455,208.416667,201.272727,204,206.333333,208.363636,212.909091,211.75,206.909091,214.909091,202.5,214.727273,222.9,215.363636,214.5,215.818182,198.5,181.923077,229.4,199.666667,112.454545,208.5,188.153846,203.636364,175.071429,188.153846,221.090909,201.909091,208.833333,226.2,235.888889,217.454545,208,209.666667,217,228,226.090909,216.818182,223,228.727273,194.333333,228.4,228.3,226,173.428571,141,214.727273,225.7,206.5,220.272727,110.4,131.111111,197.416667,239.6,198.833333,119.1,141.705882,131.388889,129.263158,116.52381,129.789474,118.35,156.1875,148.1875,141.111111,224.1,175.571429,125.894737,133.764706,179.692308,124.8,173.230769,138.5,113.421053,108.565217,119.095238,122.421053,131.842105,119.1,127.055556,130.368421,106.727273,111.5,134.235294,100.791667,109.363636,97.115385,108.347826,102.75,139.277778,108.772727,113,85.866667,79.666667,105.086957,127.473684,91.703704,102.541667,140.222222,108.409091,93.962963,96.32,120.285714,97.807692,112.47619,111.318182,96.708333,127,83.166667,97.730769,88.555556,164.666667,104.666667,115.571429,107.608696,85.586207,106.708333,88.142857,92.481481,99.4,91.851852,86.206897,92.730769,183.428571,111,134.055556,101.666667,260.75,156,200.454545,0,0,0,0,0,0,0,0,0,0,0,0,0,0,0,0,0,0,0,0,0,0,0,0,0,0,0,0,0,0,0,0,0,0,0,0,0,0,0,0,0,0,0,0,0,0,0,0,0,0,0,0,0,0,0,0,0,0,0,0,0,0,0,0,0,0,0,0,0,0,0,0,0,0,0,0,0,0,0,0,0,0,0,0,0,0,0,0,0,0,0,0,0,0,0,0,0,0,0,0,0,0,0,0,0,0,0,0,0,0,0,0,0,0,0,0,0,0
18,48,49.181818,64.222222,47.615385,53.9,57.3,52,53.8,64.111111,51.9,43.769231,58.8,47,55.9,54.4,49,52.181818,50.833333,51.272727,55.5,49,69,56.6,56.5,59.1,48.636364,68.375,61.444444,70.5,55.272727,58,58.888889,70,58.4,85.285714,65.111111,53.636364,51.4,55.727273,66.625,63.666667,54.181818,52.090909,52.454545,61.9,65.777778,54.7,59.7,51.363636,59.3,62.75,54.5,81.142857,60.5,66.777778,58.9,56.5,51.25,57.2,46.7,55.636364,48.166667,56,54.454545,60.8,47.230769,49.727273,50.363636,54.4,62.333333,55.9,47.153846,52.181818,46.363636,46.461538,51.909091,54.4,57.4,51.777778,54.3,57.3,60.111111,48.166667,48.75,59.285714,47.615385,48,47.166667,44.461538,58.1,51.181818,47.5,47.636364,47.583333,52.181818,48.416667,52.3,52.3,48.454545,48.2,63.25,47.363636,46.454545,52.545455,51.181818,50.3,47.25,50.545455,52.3,59.555556,52.090909,50,45.307692,48.25,47.583333,42.363636,61.2,71.875,0,0,0,0,0,0,0,0,0,0,0,0,0,0,0,0,0,0,0,0,0,0,0,0,0,0,0,0,0,0,0,0,0,0,0,0,0,0,0,0,0,0,0,0,0,0,0,0,0,0,0,0,0,0,0,0,0,0,0,0,0,0,0,0,0,0,0,0,0,0,0,0,0,0,0,0,0,0,0,0,0,0,0,0,0,0,0,0,0,0,0,0,0,0,0,0,0,0,0,0,0,0,0,0,0,0,0,0,0,0,0,0,0,0,0,0,0,0,0,0,0,0,0,0,0,0,0,0,0,0,0,0,0,0,0,0,0,0,0,0,0,0,0,0,0,0,0,0,0,0,0,0,0,0,0,0,0,0,0,0,0,0,0,0,0,0,0,0,0,0,0,0,0,0,0,0,0,0,0,0,0,0,0,0,0,0,0,0,0,0,0,0,0,0,0,0,0,0,0,0,0,0,0,0,0,0,0,0,0,0,0,0,0,0,0,0,0,0,0,0,0,0,0,0,0,0,0,0,0,0,0,0,0,0,0,0,0,0,0,0,0,0,0,0,0,0,0,0,0,0
19,49.45,NaN,0,44.916667,47.083333,80,40.5,48.25,42.230769,54.6,55.777778,52.636364,49.909091,43.153846,38.214286,33.941176,43.384615,44.454545,30,35.6875,38.769231,59.333333,36.25,52.222222,58,34.1875,41.333333,37.928571,42.461538,39.071429,44.833333,33.5,169.333333,36,50.818182,34.3125,34.6,36.866667,37,61.666667,40.846154,47.333333,37.933333,66.875,48.818182,45.727273,48.272727,47.1,45.545455,40.307692,46.090909,43.076923,40.461538,69.25,42.076923,80.5,44,43.416667,59.6,44.75,44.25,41.25,44,87.2,38.428571,66.428571,37.785714,45.583333,49.916667,56.777778,55.818182,59.4,51.7,52.454545,51.272727,52.083333,51.4,87.166667,46.153846,47.909091,52.1,46.363636,78,47.666667,71.714286,51.363636,55.7,72.857143,67,59.333333,41.6,62.666667,42.384615,60.555556,42.75,33.857143,40.538462,96.2,44.916667,28.8,47.625,46.8,35.933333,47.272727,43.166667,70.428571,38.538462,48.222222,52.111111,60.666667,40.818182,58.333333,53.2,49.090909,63,54.4,50.090909,51.727273,51.363636,48.545455,48.636364,51.090909,47.083333,45.916667,49.181818,45,38.923077,74,47.083333,47.2,48.272727,42.538462,64.714286,53.222222,53.1,64.625,60.222222,47.545455,53.4,53.454545,49.181818,59.444444,58.777778,44.666667,46.083333,59.888889,49,57.125,47.818182,42.285714,30.666667,49.9,45.666667,41,49.1,58.666667,56.625,69.75,51.454545,41.384615,66.375,90.166667,50.333333,60.444444,42.538462,41.357143,68.857143,301.5,0,0,0,0,0,0,0,0,0,0,0,0,0,0,0,0,0,0,0,0,0,0,0,0,0,0,0,0,0,0,0,0,0,0,0,0,0,0,0,0,0,0,0,0,0,0,0,0,0,0,0,0,0,0,0,0,0,0,0,0,0,0,0,0,0,0,0,0,0,0,0,0,0,0,0,0,0,0,0,0,0,0,0,0,0,0,0,0,0,0,0,0,0,0,0,0,0,0,0,0,0,0,0,0,0,0,0,0,0,0,0,0,0,0,0,0,0,0,0,0,0,0,0,0,0,0,0,0,0,0,0,0,0,0,0,0,0,0,0,0,0,0,0,0,0,0,0,0,0,0,0,0,0,0,0,0,0,0,0,0,0,0,0,0,0,0,0,0,0,0,0,0,0,0,0,0,0,0,0,0,0,0,0,0,0,0,0,0,0,0,0,0,0,0,0,0,0,0,0,0
20,40.153846,41.5,54,47.222222,111.75,51,62.833333,36.181818,42,75.2,140.666667,54.833333,91.75,58,62.714286,67.857143,100.2,55.285714,98,95,68,96.333333,109.5,96.2,62.5,72.8,57.571429,80.75,194.5,60.833333,61,93.25,86,80.2,61.285714,92.25,56.8,66.142857,104.75,84,65.166667,59.5,71.6,79.6,54.8,82.8,69.25,57.428571,87.2,70.833333,77.6,61.166667,91,75.833333,122,82,62.428571,71,74.666667,64.5,81.25,67.4,100,50.666667,84.75,68.25,62.666667,31.142857,65.5,88.4,82.2,77.25,70,102.5,59.5,64.166667,54.25,102.333333,67.166667,89.5,57.5,86.5,67.5,72.571429,103,59.6,58.5,86.333333,68,99.5,56.111111,65.285714,113.5,101.4,75.166667,84,75.333333,90.8,82,72.714286,67.857143,82.333333,102.6,102.2,76,112,71.571429,67.625,39.916667,82.333333,64.166667,74,109.75,68.571429,57,75.285714,80.5,88.5,71.8,85.833333,97.8,67.142857,120.5,84,73,98.4,80.8,63.125,51,78,92.6,96.8,80,76.666667,62.2,72.142857,72,83.857143,72.375,66.4,71,72.166667,82.2,79.8,65,121.5,100.333333,85.666667,64.625,70.285714,68.714286,61.166667,58,68.666667,69.166667,84.2,213,54.666667,106.6,68.142857,79.5,80,102.5,80.8,96,56.75,67,0,0,0,0,0,0,0,0,0,0,0,0,0,0,0,0,0,0,0,0,0,0,0,0,0,0,0,0,0,0,0,0,0,0,0,0,0,0,0,0,0,0,0,0,0,0,0,0,0,0,0,0,0,0,0,0,0,0,0,0,0,0,0,0,0,0,0,0,0,0,0,0,0,0,0,0,0,0,0,0,0,0,0,0,0,0,0,0,0,0,0,0,0,0,0,0,0,0,0,0,0,0,0,0,0,0,0,0,0,0,0,0,0,0,0,0,0,0,0,0,0,0,0,0,0,0,0,0,0,0,0,0,0,0,0,0,0,0,0,0,0,0,0,0,0,0,0,0,0,0,0,0,0,0,0,0,0,0,0,0,0,0,0,0,0,0,0,0,0,0,0,0,0,0,0,0,0,0,0,0,0,0,0,0,0,0,0,0,0,0,0,0,0,0,0,0,0,0,0,0,0
21,45.913043,46.416667,51.166667,38.636364,NaN,0,58.1,47,50.25,53.818182,46,51.090909,92.833333,55.8,49.583333,46.166667,56.2,47.769231,46.230769,37.307692,37.75,44.571429,25.666667,57.6,47.166667,51.833333,49.818182,53,56.4,46.692308,45.916667,50.818182,49.75,52.090909,48.666667,50.636364,55.7,55.4,52.090909,50.818182,52.909091,37.933333,47.923077,45.615385,46.692308,51.8,46.538462,44,46.615385,46.615385,47.384615,46.538462,48.666667,48.833333,52.272727,49.25,52.727273,50.75,49.090909,50.090909,49.818182,49.916667,47,55.111111,69.25,54.090909,55.5,46.5,51,47.666667,49,49.333333,48.75,45.076923,47.769231,53.727273,54.454545,51.181818,55.909091,50.363636,54.090909,53.272727,54.363636,74.75,52.545455,54.7,50.416667,59.3,55.454545,56,52.454545,55.090909,55.6,56.727273,51.363636,49.333333,48.083333,50.583333,51.818182,54.636364,56.7,55.545455,55.8,58.7,58.3,63.777778,59.8,55.5,67.666667,64.111111,64.222222,69.375,67.111111,67.666667,71.75,76.571429,72.5,61,53.454545,59.1,59.2,59.125,83.714286,86.666667,73.375,69.75,56,71,65.75,67,59.888889,62.7,60.111111,60.1,71.375,60.3,61.666667,57.7,63.5,69.375,67.777778,61.666667,74,82,69,71,64.222222,69.25,64.111111,81.857143,65.555556,61.777778,64.666667,69.25,57.7,61.3,60.888889,61.222222,59.555556,68.25,74.142857,65.125,66.5,67,59.3,64.111111,65.777778,58.6,67.625,69.25,66.333333,71.875,73.5,64.111111,65.444444,62.333333,65.333333,62.111111,60.75,62.111111,65.625,66.666667,73.857143,58.4,57.5,53,58.7,55.3,58.6,42.333333,0,0,0,0,0,0,0,0,0,0,0,0,0,0,0,0,0,0,0,0,0,0,0,0,0,0,0,0,0,0,0,0,0,0,0,0,0,0,0,0,0,0,0,0,0,0,0,0,0,0,0,0,0,0,0,0,0,0,0,0,0,0,0,0,0,0,0,0,0,0,0,0,0,0,0,0,0,0,0,0,0,0,0,0,0,0,0,0,0,0,0,0,0,0,0,0,0,0,0,0,0,0,0,0,0,0,0,0,0,0,0,0,0,0,0,0,0,0,0,0,0,0,0,0,0,0,0,0,0,0,0,0,0,0,0,0,0,0,0,0,0,0,0,0,0,0,0,0,0,0,0,0,0,0,0,0,0,0,0,0,0,0,0,0,0,0,0,0,0,0,0,0,0,0,0,0,0,0
22,59.222222,56.2,114.25,61.222222,59.555556,48.363636,49.5,65.571429,46.818182,63.5,65.285714,64.25,51.2,63.875,37.133333,62.571429,53.7,62.375,56.444444,37.866667,39.416667,43.636364,64.222222,55.222222,42.5,51.777778,62,55.375,52.555556,65.5,47.454545,60.857143,48.272727,63.25,46.444444,56.777778,62.166667,41.923077,35.25,44.083333,47.636364,37.866667,56.2,43.166667,37.933333,40.833333,41.153846,55.222222,31.75,46.090909,40,38.857143,45.545455,64.5,31.533333,49.444444,43.230769,52,80.666667,52.454545,101,41.615385,44.8,53.7,58.666667,41,47.916667,61.222222,62.555556,40.3,45.583333,38.666667,72.666667,60.333333,61.777778,70.333333,35.8,35.928571,86.571429,38.875,46.181818,48.75,54.545455,66.111111,39.928571,35.470588,218.5,63,39.307692,55.4,NaN,0,48.3,85.833333,45.071429,41.266667,41.428571,26.25,68,NaN,0,42.5,35.294118,36.769231,72.857143,NaN,0,31.294118,30.157895,44.636364,47.636364,30.882353,68.625,63.285714,81.333333,50.545455,64.444444,52.6,51.909091,39.866667,64.8,42.538462,44.818182,32.470588,49,46.818182,58.333333,61.125,NaN,0,64.555556,36.333333,60.888889,48.818182,61,45.923077,59.666667,79.142857,55.571429,57.666667,61.111111,40.230769,59.9,61.75,49.5,43.166667,48.545455,55.2,80.714286,44.692308,45.076923,50.454545,48.090909,52.181818,64,37.714286,36.866667,167.333333,68.714286,61,44.181818,47.777778,41.071429,43.545455,44.833333,69.428571,40.384615,0,0,0,0,0,0,0,0,0,0,0,0,0,0,0,0,0,0,0,0,0,0,0,0,0,0,0,0,0,0,0,0,0,0,0,0,0,0,0,0,0,0,0,0,0,0,0,0,0,0,0,0,0,0,0,0,0,0,0,0,0,0,0,0,0,0,0,0,0,0,0,0,0,0,0,0,0,0,0,0,0,0,0,0,0,0,0,0,0,0,0,0,0,0,0,0,0,0,0,0,0,0,0,0,0,0,0,0,0,0,0,0,0,0,0,0,0,0,0,0,0,0,0,0,0,0,0,0,0,0,0,0,0,0,0,0,0,0,0,0,0,0,0,0,0,0,0,0,0,0,0,0,0,0,0,0,0,0,0,0,0,0,0,0,0,0,0,0,0,0,0,0,0,0,0,0,0,0,0,0,0,0,0,0,0,0,0,0,0,0,0,0,0,0,0,0,0,0,0,0,0
23,37.5,49.1,53.090909,45.272727,39,29.642857,35.3125,46.272727,44.538462,53,50.090909,47.083333,43.166667,51,50.3,64.75,48.166667,83.571429,48,47.4,46.636364,44.916667,43.75,46.444444,44.272727,48.3,51.909091,52.090909,47,45.416667,43.846154,55.5,52.555556,48.545455,54.6,58.444444,62.444444,51.909091,70.285714,56.9,45.583333,59.666667,55.1,57.875,48.7,86.166667,65.444444,52.5,56.3,63.222222,57.777778,49.545455,61.333333,53,49.636364,53.454545,53.7,70.875,53.090909,53.4,62.875,60,47,56.666667,46.272727,51.090909,55,53.181818,53.272727,65.666667,94.166667,43,50.363636,36.8125,81.428571,37.875,48.583333,41.416667,38.071429,44.181818,54.7,52.818182,43.230769,44.615385,67.444444,44.916667,42.615385,46.666667,43.583333,47.416667,51.545455,55.7,68,52,45.769231,48.75,47.909091,48.75,45.416667,62,51.454545,44.692308,40.153846,55.625,51.9,48.363636,43.3,43.555556,55.5,46.083333,42.454545,69.375,53,55.111111,48.416667,60.875,57.111111,47.7,53.888889,44.769231,53.636364,47.166667,43.785714,61.333333,52.9,46.583333,42.4,58.125,42.272727,52.777778,40.692308,41.181818,46.083333,49.2,49.25,53.6,49.416667,48.857143,41.384615,44.916667,0,0,0,0,0,0,0,0,0,0,0,0,0,0,0,0,0,0,0,0,0,0,0,0,0,0,0,0,0,0,0,0,0,0,0,0,0,0,0,0,0,0,0,0,0,0,0,0,0,0,0,0,0,0,0,0,0,0,0,0,0,0,0,0,0,0,0,0,0,0,0,0,0,0,0,0,0,0,0,0,0,0,0,0,0,0,0,0,0,0,0,0,0,0,0,0,0,0,0,0,0,0,0,0,0,0,0,0,0,0,0,0,0,0,0,0,0,0,0,0,0,0,0,0,0,0,0,0,0,0,0,0,0,0,0,0,0,0,0,0,0,0,0,0,0,0,0,0,0,0,0,0,0,0,0,0,0,0,0,0,0,0,0,0,0,0,0,0,0,0,0,0,0,0,0,0,0,0,0,0,0,0,0,0,0,0,0,0,0,0,0,0,0,0,0,0,0,0,0,0,0,0,0,0,0,0,0,0,0,0,0,0,0,0,0,0,0,0,0,0,0,0,0,0,0,0,0,0
